index,date,orgunit,orgunituid,mech_code,operatingunit,psnu,hts_tst.u15.f,hts_tst.u15.m,hts_tst.o15.f,hts_tst.o15.m,hts_tst_pos.u15.f,hts_tst_pos.u15.m,hts_tst_pos.o15.f,hts_tst_pos.o15.m,tx_new.u15.f,tx_new.u15.m,tx_new.o15.f,tx_new.o15.m,vmmc_circ.u15.m,vmmc_circ.o15.m,prep_new.u15.f,prep_new.u15.m,prep_new.o15.f,prep_new.o15.m,tx_curr.u15.f,tx_curr.u15.m,tx_curr.o15.f,tx_curr.o15.m,tx_mmd.u15.f.u3mo,tx_mmd.u15.m.u3mo,tx_mmd.o15.f.u3mo,tx_mmd.o15.m.u3mo,tx_mmd.u15.f.35mo,tx_mmd.u15.m.35mo,tx_mmd.o15.f.35mo,tx_mmd.o15.m.35mo,tx_mmd.u15.f.o6mo,tx_mmd.u15.m.o6mo,tx_mmd.o15.f.o6mo,tx_mmd.o15.m.o6mo
1,1/3/2022,AIC Lokichogio Health Centre,msVH1X00e7R,84480,Kenya,Turkana County,0,0,8,3,0,0,0,0,0,0,0,0,,,,,,,,,,,,,,,,,,,,,,
2,1/3/2022,Aposta Dispensary,SyduIyTRlRy,84480,Kenya,Turkana County,0,0,0,0,,,,,,,,,0,0,,,,,,,,,,,,,,,,,,,,
3,1/3/2022,IRC Kakuma,BdEUTRbjYoI,84480,Kenya,Turkana County,0,3,0,20,0,0,0,0,0,0,0,0,0,0,0,0,0,0,0,0,0,0,0,0,0,0,0,0,0,0,0,0,0,0
4,1/3/2022,Kaaleng Health Centre,ABFocyEezFV,84480,Kenya,Turkana County,0,0,5,3,,,,,,,,,,,,,,,,,,,,,,,,,,,,,,
5,1/3/2022,Kaeris Dispensary,QAQF3TVmUGy,84480,Kenya,Turkana County,4,2,22,16,,,,,,,,,,,,,,,,,,,,,,,,,,,,,,
6,1/3/2022,Kaikor Health Centre,vLfChG5goBd,84480,Kenya,Turkana County,0,0,26,1,,,,,,,,,,,,,,,,,,,,,,,,,,,,,,
7,1/3/2022,Kainuk Health Centre,RYOBqzoEpP7,84480,Kenya,Turkana County,1,2,24,22,,,,,,,,,,,,,,,,,,,,,,,,,,,,,,
8,1/3/2022,Kakuma Mission Hospital,y3sdbZTk4Nq,84480,Kenya,Turkana County,0,0,76,53,,,1,2,,,1,2,,36,,,,,,,,,,,,,,,,,,,,
9,1/3/2022,Kakuma Subcounty hospital,gb7zOoRoBzD,84480,Kenya,Turkana County,0,0,22,9,,,1,1,,,1,,,,,,,,,,,,,,,,,,,,,,,
10,1/3/2022,Kalemungorok Dispensary,zKtWJtaqwQW,84480,Kenya,Turkana County,0,0,13,3,,,,,,,,,,,,,,,,,,,,,,,,,,,,,,
11,1/3/2022,Kalemunyang Dispensary,q8tZrZrBfjs,84480,Kenya,Turkana County,2,0,27,9,0,0,0,0,0,0,0,0,0,0,0,0,0,0,,,,,,,,,,,,,,,,
12,1/3/2022,Kalobeyei Dispensary,zr2rkncXfIY,84480,Kenya,Turkana County,0,0,0,2,0,0,0,0,0,0,0,0,0,6,0,0,0,0,0,0,0,0,0,0,0,0,0,0,0,0,0,0,0,0
13,1/3/2022,Kalokol (AIC) Health Centre,Z1qyIMLJcPz,84480,Kenya,Turkana County,1,0,37,17,,,,,,,,,,,,,,,,,,,,,,,,,,,,,,
14,1/3/2022,Kanakurudio Health Centre,RmCKMW2TcdV,84480,Kenya,Turkana County,0,0,7,9,,,,,,,,,,,,,,,,,,,,,,,,,,,,,,
15,1/3/2022,Kanamkemer Health Centre,hvUZ7TbgWD1,84480,Kenya,Turkana County,0,0,0,0,,,,,,,,,,,,,,,,,,,,,,,,,,,,,,
16,1/3/2022,Kataboi Dispensary,opXmcR030VL,84480,Kenya,Turkana County,0,1,11,5,,,,,,,,,,,,,,,,,,,,,,,,,,,,,,
17,1/3/2022,Katilu Health Centre,jf1Cj05bjMF,84480,Kenya,Turkana County,2,12,18,35,,,,,,,,,,0,,,,,,,,,,,,,,,,,,,,
18,1/3/2022,Kerio Health Centre,oixfDkMt2mg,84480,Kenya,Turkana County,3,1,16,6,,,,,,,,,,,,,,,,,,,,,,,,,,,,,,
19,1/3/2022,Kibish GK Dispensary,pDcE1KuI01q,84480,Kenya,Turkana County,0,0,2,0,,,,,,,,,,,,,,,,,,,,,,,,,,,,,,
20,1/3/2022,Kokuro Health Centre,w8M4KdTZNqx,84480,Kenya,Turkana County,1,0,5,5,,,,,,,,,,,,,,,,,,,,,,,,,,,,,,
21,1/3/2022,Lochwaangikamatak Dispensary,Gx0TQxOPr3b,84480,Kenya,Turkana County,1,1,9,6,,,,,,,,,,,,,,,,,,,,,,,,,,,,,,
22,1/3/2022,Lodwar County Referral Hospital,F68NOkrOuUu,84480,Kenya,Turkana County,9,9,201,106,1,,8,2,1,,5,1,,10,,,,,,,,,,,,,,,,,,,,
23,1/3/2022,Lokapel Dispensary,xMTOLud4Ura,84480,Kenya,Turkana County,0,0,12,2,,,,,,,,,,,,,,,,,,,,,,,,,,,,,,
24,1/3/2022,Lokichar (RCEA) Health Centre,No2gLbDeU26,84480,Kenya,Turkana County,1,1,37,19,,,1,,,,,1,,,,,,,,,,,,,,,,,,,,,,
25,1/3/2022,Lokichar Health Centre,QM7wwYjBzHw,84480,Kenya,Turkana County,2,2,83,21,1,,,,,,,,,,,,,1,,,,,,,,,,,,,,,,
26,1/3/2022,Lokitaung Sub County Hospital,j1aRGHrasgd,84480,Kenya,Turkana County,0,0,4,0,,,,,,,,,,,,,,,,,,,,,,,,,,,,,,
27,1/3/2022,Lokori (AIC) Health Centre,ylWpiOR8no7,84480,Kenya,Turkana County,0,0,4,2,,,,,,,,,,,,,,,,,,,,,,,,,,,,,,
28,1/3/2022,Lokori Primary Health Care Programme,Ot40T1kydu3,84480,Kenya,Turkana County,,,6,5,,,,,,,,,,,,,,,,,,,,,,,,,,,,,,
29,1/3/2022,Longech Dispensary,aIyqTZoRiQH,84480,Kenya,Turkana County,0,1,22,17,,,,,,,,,,,,,,,,,,,,,,,,,,,,,,
30,1/3/2022,Lopiding Sub County Hospital,FgQsfEJP0iW,84480,Kenya,Turkana County,1,2,51,23,,,1,,,,1,,,6,,,,,,,,,,,,,,,,,,,,
31,1/3/2022,Lorengippi Dispensary,aEKXwhGAZb8,84480,Kenya,Turkana County,,,,,,,,,,,,,,,,,,,,,,,,,,,,,,,,,,
32,1/3/2022,Lorogon Dispensary,HNcnn93f46m,84480,Kenya,Turkana County,,,2,3,,,,,,,,,,,,,,,,,,,,,,,,,,,,,,
33,1/3/2022,Lorugum Health Centre,l9En6DUe5kR,84480,Kenya,Turkana County,,,10,16,,,,,,,,,,,,,,,,,,,,,,,,,,,,,,
34,1/3/2022,Lowarengak Health Centre,hdodZbxzTRf,84480,Kenya,Turkana County,1,3,35,40,0,0,0,1,0,0,0,1,,,,,,,,,,,,,,,,,,,,,,
35,1/3/2022,Makutano Health Centre (Turkana West),LoOLEiR0dJo,84480,Kenya,Turkana County,0,0,27,7,0,0,1,0,0,0,1,0,0,0,0,0,0,0,,,,,,,,,,,,,,,,
36,1/3/2022,Nadapal Dispensary,MjCbIuMExUE,84480,Kenya,Turkana County,2,3,4,8,0,0,0,0,0,0,0,0,0,0,0,0,0,0,,,,,,,,,,,,,,,,
37,1/3/2022,Nakabosan Dispensary,GxiLmhag3tj,84480,Kenya,Turkana County,,,5,,,,,,,,,,,,,,,,,,,,,,,,,,,,,,,
38,1/3/2022,Nakurio Dispensary,WTRZ9SGAwck,84480,Kenya,Turkana County,,,,,,,,,,,,,,,,,,,,,,,,,,,,,,,,,,
39,1/3/2022,Nakururum Dispensary,Q1nVJKarZbh,84480,Kenya,Turkana County,0,0,4,2,,,,,,,,,,,,,,,,,,,,,,,,,,,,,,
40,1/3/2022,Nakwamoru Health Centre,o6Td6Nq8Ni7,84480,Kenya,Turkana County,1,1,28,22,,,,,,,,,,,,,,,,,,,,,,,,,,,,,,
41,1/3/2022,Namoruputh (PAG) Health Centre,POE9w28Xhtb,84480,Kenya,Turkana County,2,1,23,10,,,,,,,,,,,,,,,,,,,,,,,,,,,,,,
42,1/3/2022,Namukuse Dispensary,gg2TsYenobO,84480,Kenya,Turkana County,1,2,10,18,,,,,,,,,,,,,,,,,,,,,,,,,,,,,,
43,1/3/2022,Narengewoi Dispensary,Lf9IeeHRXBZ,84480,Kenya,Turkana County,,,,,,,,,,,,,,,,,,,,,,,,,,,,,,,,,,
44,1/3/2022,Nariokotome Dispensary,fANW7MthZSI,84480,Kenya,Turkana County,1,1,9,7,,,,,,,,,,,,,,,,,,,,,,,,,,,,,,
45,1/3/2022,Natira Dispensary,qkLHOHleWwa,84480,Kenya,Turkana County,0,0,0,1,0,0,0,0,0,0,0,0,0,0,0,0,0,0,,,,,,,,,,,,,,,,
46,1/3/2022,Ngiitakito Dispensary,0n9v8sKLn5,84480,Kenya,Turkana County,,,47,13,,,1,,,,1,,,,,,,,,,,,,,,,,,,,,,,
47,1/3/2022,St Catherine Napetet Dispensary,SX6BrlIAUw9,84480,Kenya,Turkana County,1,3,21,21,,,,,,,,,,,,,,,,,,,,,,,,,,,,,,
48,1/3/2022,St Elizabeth Lorugum Health Centre,a4XkbDvvWvO,84480,Kenya,Turkana County,0,0,20,16,0,0,1,0,0,0,1,0,0,0,0,0,0,0,,,,,,,,,,,,,,,,
49,1/3/2022,St Mary's Kalokol Primary Health Care Programme,bcAE6JjIUMj,84480,Kenya,Turkana County,,,17,14,,,1,,,,1,,,,,,,,,,,,,,,,,,,,,,,
50,1/3/2022,St Monica Nakwamekwi Dispensary,A5SoqW6Ua3Y,84480,Kenya,Turkana County,0,0,23,14,0,0,1,0,0,0,1,0,0,0,0,0,0,0,,,,,,,,,,,,,,,,
51,1/3/2022,St Patrick Kanamkemer Dispensary,ZqQwhBlZGfq,84480,Kenya,Turkana County,9,9,54,40,0,0,3,0,0,0,3,0,0,0,0,0,0,0,,,,,,,,,,,,,,,,
52,1/3/2022,Turkwel Health Centre (Loima),wBdDJ6GKMEC,84480,Kenya,Turkana County,0,0,7,6,0,0,0,0,,,,,,,,,,,,,,,,,,,,,,,,,,
53,1/10/2022,AIC Lokichogio Health Centre,msVH1X00e7R,84480,Kenya,Turkana County,1,1,8,5,0,0,0,0,0,0,0,0,,,,,,,,,,,,,,,,,,,,,,
54,1/10/2022,Aposta Dispensary,SyduIyTRlRy,84480,Kenya,Turkana County,0,0,6,4,,,,,,,,,0,32,,,,,,,,,,,,,,,,,,,,
55,1/10/2022,IRC Kakuma,BdEUTRbjYoI,84480,Kenya,Turkana County,1,0,0,3,0,0,0,0,0,0,0,0,0,0,0,0,0,0,0,0,0,0,0,0,0,0,0,0,0,0,0,0,0,0
56,1/10/2022,Kaaleng Health Centre,ABFocyEezFV,84480,Kenya,Turkana County,2,0,10,5,,,,,,,,,,,,,,,,,,,,,,,,,,,,,,
57,1/10/2022,Kaeris Dispensary,QAQF3TVmUGy,84480,Kenya,Turkana County,5,5,10,12,,,,,,,,,,,,,,,,,,,,,,,,,,,,,,
58,1/10/2022,Kaikor Health Centre,vLfChG5goBd,84480,Kenya,Turkana County,0,0,14,12,,,1,,,,,,,,,,,,,,,,,,,,,,,,,,,
59,1/10/2022,Kainuk Health Centre,RYOBqzoEpP7,84480,Kenya,Turkana County,2,3,25,23,,,,,,,,,,,,,,,,,,,,,,,,,,,,,,
60,1/10/2022,Kakuma Mission Hospital,y3sdbZTk4Nq,84480,Kenya,Turkana County,0,3,78,53,,,,,,,,,,32,,,,,,,,,,,,,,,,,,,,
61,1/10/2022,Kakuma Subcounty hospital,gb7zOoRoBzD,84480,Kenya,Turkana County,,2,24,24,,,,1,,,,1,,,,,,,,,,,,,,,,,,,,,,
62,1/10/2022,Kalemungorok Dispensary,zKtWJtaqwQW,84480,Kenya,Turkana County,,,16,5,,,1,,,,1,,,,,,,,,,,,,,,,,,,,,,,
63,1/10/2022,Kalemunyang Dispensary,q8tZrZrBfjs,84480,Kenya,Turkana County,0,1,21,8,0,0,0,0,0,,0,0,0,0,0,0,0,0,  ,,,,,,,,,,,,,,,
64,1/10/2022,Kalobeyei Dispensary,zr2rkncXfIY,84480,Kenya,Turkana County,0,3,0,3,0,0,0,0,0,0,0,0,0,11,0,0,0,0,0,0,0,0,0,0,0,0,0,0,0,0,0,0,0,0
65,1/10/2022,Kalokol (AIC) Health Centre,Z1qyIMLJcPz,84480,Kenya,Turkana County,1,0,55,18,,,,,,,,,,,,,,,,,,,,,,,,,,,,,,
66,1/10/2022,Kanakurudio Health Centre,RmCKMW2TcdV,84480,Kenya,Turkana County,0,2,7,5,,,,,,,,,,,,,,,,,,,,,,,,,,,,,,
67,1/10/2022,Kanamkemer Health Centre,hvUZ7TbgWD1,84480,Kenya,Turkana County,,,,,,,,,,,,,,,,,,,,,,,,,,,,,,,,,,
68,1/10/2022,Kataboi Dispensary,opXmcR030VL,84480,Kenya,Turkana County,0,0,23,8,,,,,,,,,,,,,,,,,,,,,,,,,,,,,,
69,1/10/2022,Katilu Health Centre,jf1Cj05bjMF,84480,Kenya,Turkana County,2,10,20,37,,,1,,,,1,,,0,,,,,,,,,,,,,,,,,,,,
70,1/10/2022,Kerio Health Centre,oixfDkMt2mg,84480,Kenya,Turkana County,0,2,24,17,,,,,,,,,,,,,,,,,,,,,,,,,,,,,,
71,1/10/2022,Kibish GK Dispensary,pDcE1KuI01q,84480,Kenya,Turkana County,0,0,5,0,,,,,,,,,,,,,,,,,,,,,,,,,,,,,,
72,1/10/2022,Kokuro Health Centre,w8M4KdTZNqx,84480,Kenya,Turkana County,0,0,3,3,,,,,,,,,,,,,,,,,,,,,,,,,,,,,,
73,1/10/2022,Lochwaangikamatak Dispensary,Gx0TQxOPr3b,84480,Kenya,Turkana County,2,1,7,8,,,,,,,,,,,,,,,,,,,,,,,,,,,,,,
74,1/10/2022,Lodwar County Referral Hospital,F68NOkrOuUu,84480,Kenya,Turkana County,7,8,192,113,,,5,5,,,4,3,,19,,,,,,,,,,,,,,,,,,,,
75,1/10/2022,Lokapel Dispensary,xMTOLud4Ura,84480,Kenya,Turkana County,1,,10,2,,,,,,,1,1,,,,,,,,,,,,,,,,,,,,,,
76,1/10/2022,Lokichar (RCEA) Health Centre,No2gLbDeU26,84480,Kenya,Turkana County,1,1,34,20,,1,1,,,,,,,,,,1,,,,,,,,,,,,,,,,,
77,1/10/2022,Lokichar Health Centre,QM7wwYjBzHw,84480,Kenya,Turkana County,2,3,102,22,1,1,,,,,1,1,,,,,1,2,,,,,,,,,,,,,,,,
78,1/10/2022,Lokitaung Sub County Hospital,j1aRGHrasgd,84480,Kenya,Turkana County,4,3,11,6,,,,,,,,,,,,,,,,,,,,,,,,,,,,,,
79,1/10/2022,Lokori (AIC) Health Centre,ylWpiOR8no7,84480,Kenya,Turkana County,,,4,3,,,,,,,,,,,,,,,,,,,,,,,,,,,,,,
80,1/10/2022,Lokori Primary Health Care Programme,Ot40T1kydu3,84480,Kenya,Turkana County,1,,7,8,,,,,,,,,,,,,,,,,,,,,,,,,,,,,,
81,1/10/2022,Longech Dispensary,aIyqTZoRiQH,84480,Kenya,Turkana County,,,18,13,,,,,,,,,,,,,,,,,,,,,,,,,,,,,,
82,1/10/2022,Lopiding Sub County Hospital,FgQsfEJP0iW,84480,Kenya,Turkana County,1,1,50,19,,,,,,,,,,,,,1,,,,,,,,,,,,,,,,,
83,1/10/2022,Lorengippi Dispensary,aEKXwhGAZb8,84480,Kenya,Turkana County,,,9,,,,,,,,,,,,,,,,,,,,,,,,,,,,,,,
84,1/10/2022,Lorogon Dispensary,HNcnn93f46m,84480,Kenya,Turkana County,1,,3,2,,,,,,,,,,,,,,,,,,,,,,,,,,,,,,
85,1/10/2022,Lorugum Health Centre,l9En6DUe5kR,84480,Kenya,Turkana County,,1,13,9,,,1,,,,1,,,,,,,,,,,,,,,,,,,,,,,
86,1/10/2022,Lowarengak Health Centre,hdodZbxzTRf,84480,Kenya,Turkana County,5,2,23,10,,,,,,,,,,27,,,,,,,,,,,,,,,,,,,,
87,1/10/2022,Makutano Health Centre (Turkana West),LoOLEiR0dJo,84480,Kenya,Turkana County,0,1,21,8,0,0,0,0,0,0,0,0,0,0,0,0,0,0,,,,,,,,,,,,,,,,
88,1/10/2022,Nadapal Dispensary,MjCbIuMExUE,84480,Kenya,Turkana County,4,2,10,6,0,0,0,0,0,0,0,0,0,0,0,0,0,0,,,,,,,,,,,,,,,,
89,1/10/2022,Nakabosan Dispensary,GxiLmhag3tj,84480,Kenya,Turkana County,,,7,,,,,,,,,,,,,,,,,,,,,,,,,,,,,,,
90,1/10/2022,Nakurio Dispensary,WTRZ9SGAwck,84480,Kenya,Turkana County,,,,,,,,,,,,,,,,,,,,,,,,,,,,,,,,,,
91,1/10/2022,Nakururum Dispensary,Q1nVJKarZbh,84480,Kenya,Turkana County,0,0,7,1,,,,,,,,,,,,,,,,,,,,,,,,,,,,,,
92,1/10/2022,Nakwamoru Health Centre,o6Td6Nq8Ni7,84480,Kenya,Turkana County,1,3,24,20,,,,,,,,,,,,,,,,,,,,,,,,,,,,,,
93,1/10/2022,Namoruputh (PAG) Health Centre,POE9w28Xhtb,84480,Kenya,Turkana County,,2,25,14,,,,,,,,,,,,,,,,,,,,,,,,,,,,,,
94,1/10/2022,Namukuse Dispensary,gg2TsYenobO,84480,Kenya,Turkana County,1,0,18,19,,,,2,,,,2,,,,,,,,,,,,,,,,,,,,,,
95,1/10/2022,Narengewoi Dispensary,Lf9IeeHRXBZ,84480,Kenya,Turkana County,,,,,,,,,,,,,,,,,,,,,,,,,,,,,,,,,,
96,1/10/2022,Nariokotome Dispensary,fANW7MthZSI,84480,Kenya,Turkana County,9,5,23,6,,,,,,,,,,,,,,,,,,,,,,,,,,,,,,
97,1/10/2022,Natira Dispensary,qkLHOHleWwa,84480,Kenya,Turkana County,0,2,16,6,0,0,0,0,0,0,0,0,0,0,0,0,0,0,,,,,,,,,,,,,,,,
98,1/10/2022,Ngiitakito Dispensary,0n9v8sKLn5,84480,Kenya,Turkana County,2,1,33,10,,,,,,,,,,,,,,,,,,,,,,,,,,,,,,
99,1/10/2022,St Catherine Napetet Dispensary,SX6BrlIAUw9,84480,Kenya,Turkana County,2,0,23,13,,,,,,,,,,,,,,,,,,,,,,,,,,,,,,
100,1/10/2022,St Elizabeth Lorugum Health Centre,a4XkbDvvWvO,84480,Kenya,Turkana County,3,3,17,10,0,0,0,1,0,0,1,0,0,0,0,0,0,0,,,,,,,,,,,,,,,,
101,1/10/2022,St Mary's Kalokol Primary Health Care Programme,bcAE6JjIUMj,84480,Kenya,Turkana County,3,3,16,8,,,,1,,,,1,,,,,,,,,,,,,,,,,,,,,,
102,1/10/2022,St Monica Nakwamekwi Dispensary,A5SoqW6Ua3Y,84480,Kenya,Turkana County,4,3,34,15,0,0,0,0,0,0,0,0,0,0,0,0,0,0,,,,,,,,,,,,,,,,
103,1/10/2022,St Patrick Kanamkemer Dispensary,ZqQwhBlZGfq,84480,Kenya,Turkana County,4,0,36,43,0,0,3,1,0,0,3,1,0,0,0,0,0,0,,,,,,,,,,,,,,,,
104,1/10/2022,Turkwel Health Centre (Loima),wBdDJ6GKMEC,84480,Kenya,Turkana County,0,0,5,8,0,0,0,0,,,,,,,,,,,,,,,,,,,,,,,,,,
105,1/17/2022,AIC Lokichogio Health Centre,msVH1X00e7R,84480,Kenya,Turkana County,1,1,30,10,0,0,0,1,0,0,0,1,,,,,,,,,,,,,,,,,,,,,,
106,1/17/2022,Aposta Dispensary,SyduIyTRlRy,84480,Kenya,Turkana County,0,0,5,7,,,,,,,,,0,26,,,,,,,,,,,,,,,,,,,,
107,1/17/2022,IRC Kakuma,BdEUTRbjYoI,84480,Kenya,Turkana County,0,0,12,17,0,0,0,0,0,0,0,2,0,0,0,0,0,0,0,0,0,0,0,0,0,0,0,0,0,0,0,0,0,0
108,1/17/2022,Kaaleng Health Centre,ABFocyEezFV,84480,Kenya,Turkana County,0,1,10,6,,,,,,,,,,44,,,,,,,,,,,,,,,,,,,,
109,1/17/2022,Kaeris Dispensary,QAQF3TVmUGy,84480,Kenya,Turkana County,10,3,10,4,,,,,,,,,,,,,,,,,,,,,,,,,,,,,,
110,1/17/2022,Kaikor Health Centre,vLfChG5goBd,84480,Kenya,Turkana County,1,0,5,4,,,,,,,,,,,,,,,,,,,,,,,,,,,,,,
111,1/17/2022,Kainuk Health Centre,RYOBqzoEpP7,84480,Kenya,Turkana County,3,2,26,27,,,1,,,,1,,,,,,,,,,,,,,,,,,,,,,,
112,1/17/2022,Kakuma Mission Hospital,y3sdbZTk4Nq,84480,Kenya,Turkana County,1,0,76,46,,,1,1,,,1,1,,76,,,,,,,,,,,,,,,,,,,,
113,1/17/2022,Kakuma Subcounty hospital,gb7zOoRoBzD,84480,Kenya,Turkana County,1,,24,32,,,,2,,,,2,,,,,,,,,,,,,,,,,,,,,,
114,1/17/2022,Kalemungorok Dispensary,zKtWJtaqwQW,84480,Kenya,Turkana County,,,17,4,,,2,,,,2,,,,,,,,,,,,,,,,,,,,,,,
115,1/17/2022,Kalemunyang Dispensary,q8tZrZrBfjs,84480,Kenya,Turkana County,1,0,15,10,0,0,0,0,0,0,0,0,0,0,0,0,0,0,,,,,,,,,,,,,,,,
116,1/17/2022,Kalobeyei Dispensary,zr2rkncXfIY,84480,Kenya,Turkana County,0,3,0,8,0,0,0,0,0,0,0,0,0,0,0,0,0,0,0,0,0,0,0,0,0,0,0,0,0,0,0,0,0,0
117,1/17/2022,Kalokol (AIC) Health Centre,Z1qyIMLJcPz,84480,Kenya,Turkana County,0,1,28,12,,,,,,,,,,,,,,,,,,,,,,,,,,,,,,
118,1/17/2022,Kanakurudio Health Centre,RmCKMW2TcdV,84480,Kenya,Turkana County,0,1,3,3,,,,,,,,,,,,,,,,,,,,,,,,,,,,,,
119,1/17/2022,Kanamkemer Health Centre,hvUZ7TbgWD1,84480,Kenya,Turkana County,,,,,,,,,,,,,,,,,,,,,,,,,,,,,,,,,,
120,1/17/2022,Kataboi Dispensary,opXmcR030VL,84480,Kenya,Turkana County,0,0,12,9,,,,,,,,,,,,,,,,,,,,,,,,,,,,,,
121,1/17/2022,Katilu Health Centre,jf1Cj05bjMF,84480,Kenya,Turkana County,2,19,19,28,,,,,,,,,,0,,,,,,,,,,,,,,,,,,,,
122,1/17/2022,Kerio Health Centre,oixfDkMt2mg,84480,Kenya,Turkana County,1,4,10,20,,,,,,,,,,,,,,,,,,,,,,,,,,,,,,
123,1/17/2022,Kibish GK Dispensary,pDcE1KuI01q,84480,Kenya,Turkana County,0,0,5,0,,,,,,,,,,,,,,,,,,,,,,,,,,,,,,
124,1/17/2022,Kokuro Health Centre,w8M4KdTZNqx,84480,Kenya,Turkana County,0,0,3,2,,,,,,,,,,,,,,,,,,,,,,,,,,,,,,
125,1/17/2022,Lochwaangikamatak Dispensary,Gx0TQxOPr3b,84480,Kenya,Turkana County,1,2,10,6,,,,,,,,,,,,,,,,,,,,,,,,,,,,,,
126,1/17/2022,Lodwar County Referral Hospital,F68NOkrOuUu,84480,Kenya,Turkana County,10,9,198,111,,,4,1,,,6,1,,10,,,,,,,,,,,,,,,,,,,,
127,1/17/2022,Lokapel Dispensary,xMTOLud4Ura,84480,Kenya,Turkana County,,,13,2,,,,,,,,1,,,,,,,,,,,,,,,,,,,,,,
128,1/17/2022,Lokichar (RCEA) Health Centre,No2gLbDeU26,84480,Kenya,Turkana County,1,2,41,22,,,1,,,,,,,1,,,,1,,,,,,,,,,,,,,,,
129,1/17/2022,Lokichar Health Centre,QM7wwYjBzHw,84480,Kenya,Turkana County,2,2,105,26,1,,,,,,,,,,,,,1,,,,,,,,,,,,,,,,
130,1/17/2022,Lokitaung Sub County Hospital,j1aRGHrasgd,84480,Kenya,Turkana County,3,3,17,13,,,,,,,,,,,,,,,,,,,,,,,,,,,,,,
131,1/17/2022,Lokori (AIC) Health Centre,ylWpiOR8no7,84480,Kenya,Turkana County,,,6,3,,,,,,,,,,,,,,,,,,,,,,,,,,,,,,
132,1/17/2022,Lokori Primary Health Care Programme,Ot40T1kydu3,84480,Kenya,Turkana County,,,5,5,,,,,,,,,,,,,,,,,,,,,,,,,,,,,,
133,1/17/2022,Longech Dispensary,aIyqTZoRiQH,84480,Kenya,Turkana County,1,,15,12,,,,,,,,,,,,,,,,,,,,,,,,,,,,,,
134,1/17/2022,Lopiding Sub County Hospital,FgQsfEJP0iW,84480,Kenya,Turkana County,0,3,52,22,,,2,1,,,2,1,,,,,,,,,,,,,,,,,,,,,,
135,1/17/2022,Lorengippi Dispensary,aEKXwhGAZb8,84480,Kenya,Turkana County,,,8,,,,,,,,,,,,,,,,,,,,,,,,,,,,,,,
136,1/17/2022,Lorogon Dispensary,HNcnn93f46m,84480,Kenya,Turkana County,,,2,3,,,,,,,,,,,,,,,,,,,,,,,,,,,,,,
137,1/17/2022,Lorugum Health Centre,l9En6DUe5kR,84480,Kenya,Turkana County,2,1,18,8,1,,,,1,,,,,,,,,,,,,,,,,,,,,,,,,
138,1/17/2022,Lowarengak Health Centre,hdodZbxzTRf,84480,Kenya,Turkana County,1,1,16,24,,,,,,,,,,,,,,,,,,,,,,,,,,,,,,
139,1/17/2022,Makutano Health Centre (Turkana West),LoOLEiR0dJo,84480,Kenya,Turkana County,0,0,16,24,0,0,0,0,0,0,0,0,0,0,0,0,0,0,,,,,,,,,,,,,,,,
140,1/17/2022,Nadapal Dispensary,MjCbIuMExUE,84480,Kenya,Turkana County,2,1,7,3,1,0,0,0,1,0,0,0,0,0,0,0,0,0,,,,,,,,,,,,,,,,
141,1/17/2022,Nakabosan Dispensary,GxiLmhag3tj,84480,Kenya,Turkana County,,,8,1,,,,,,,,,,,,,,,,,,,,,,,,,,,,,,
142,1/17/2022,Nakurio Dispensary,WTRZ9SGAwck,84480,Kenya,Turkana County,,,,,,,,,,,,,,,,,,,,,,,,,,,,,,,,,,
143,1/17/2022,Nakururum Dispensary,Q1nVJKarZbh,84480,Kenya,Turkana County,0,0,1,5,,,,,,,,,,,,,,,,,,,,,,,,,,,,,,
144,1/17/2022,Nakwamoru Health Centre,o6Td6Nq8Ni7,84480,Kenya,Turkana County,2,1,29,17,,,,,,,,,,,,,,,,,,,,,,,,,,,,,,
145,1/17/2022,Namoruputh (PAG) Health Centre,POE9w28Xhtb,84480,Kenya,Turkana County,3,3,35,12,,,,,,,,,,,,,,,,,,,,,,,,,,,,,,
146,1/17/2022,Namukuse Dispensary,gg2TsYenobO,84480,Kenya,Turkana County,1,1,18,20,,,,1,,,,1,,,,,,1,,,,,,,,,,,,,,,,
147,1/17/2022,Narengewoi Dispensary,Lf9IeeHRXBZ,84480,Kenya,Turkana County,,,,,,,,,,,,,,,,,,,,,,,,,,,,,,,,,,
148,1/17/2022,Nariokotome Dispensary,fANW7MthZSI,84480,Kenya,Turkana County,2,3,12,3,,,,,,,,,,,,,,,,,,,,,,,,,,,,,,
149,1/17/2022,Natira Dispensary,qkLHOHleWwa,84480,Kenya,Turkana County,0,0,1,1,0,0,0,0,0,0,0,0,0,0,0,0,0,0,,,,,,,,,,,,,,,,
150,1/17/2022,Ngiitakito Dispensary,0n9v8sKLn5,84480,Kenya,Turkana County,1,,44,16,,,1,,,,1,,,,,,,,,,,,,,,,,,,,,,,
151,1/17/2022,St Catherine Napetet Dispensary,SX6BrlIAUw9,84480,Kenya,Turkana County,0,0,32,27,,,1,3,,,1,3,,,,,,,,,,,,,,,,,,,,,,
152,1/17/2022,St Elizabeth Lorugum Health Centre,a4XkbDvvWvO,84480,Kenya,Turkana County,3,2,15,11,0,0,0,1,0,0,0,1,0,0,0,0,0,0,,,,,,,,,,,,,,,,
153,1/17/2022,St Mary's Kalokol Primary Health Care Programme,bcAE6JjIUMj,84480,Kenya,Turkana County,3,2,15,8,,,,1,,,,1,,,,,,,,,,,,,,,,,,,,,,
154,1/17/2022,St Monica Nakwamekwi Dispensary,A5SoqW6Ua3Y,84480,Kenya,Turkana County,4,4,43,21,0,0,1,0,0,0,1,0,0,0,0,0,1,1,,,,,,,,,,,,,,,,
155,1/17/2022,St Patrick Kanamkemer Dispensary,ZqQwhBlZGfq,84480,Kenya,Turkana County,0,0,53,30,0,0,1,0,0,0,1,0,0,0,0,0,0,0,,,,,,,,,,,,,,,,
156,1/17/2022,Turkwel Health Centre (Loima),wBdDJ6GKMEC,84480,Kenya,Turkana County,0,0,8,5,0,0,0,0,,,,,,,,,,,,,,,,,,,,,,,,,,
157,1/24/2022,AIC Lokichogio Health Centre,msVH1X00e7R,84480,Kenya,Turkana County,0,2,106,45,0,0,0,0,0,0,0,0,,,,,,,14,19,178,109,14,19,41,2,,,129,103,,,8,4
158,1/24/2022,Aposta Dispensary,SyduIyTRlRy,84480,Kenya,Turkana County,1,0,7,10,,,,,,,,,0,7,,,,,2,2,15,9,2,2,15,9,,,,,,,,
159,1/24/2022,IRC Kakuma,BdEUTRbjYoI,84480,Kenya,Turkana County,0,0,7,36,0,0,1,0,0,0,1,1,0,0,0,0,0,0,23,21,382,183,18,16,12,0,5,5,370,183,0,0,0,0
160,1/24/2022,Kaaleng Health Centre,ABFocyEezFV,84480,Kenya,Turkana County,0,0,9,8,,,,,,,,,,35,,,,,2,3,16,3,1,3,1,0,1,,15,3,,,,
161,1/24/2022,Kaeris Dispensary,QAQF3TVmUGy,84480,Kenya,Turkana County,3,2,8,3,,,,,,,,,,,,,,,4,1,11,6,2,1,0,0,2,0,11,6,,,,
162,1/24/2022,Kaikor Health Centre,vLfChG5goBd,84480,Kenya,Turkana County,0,1,26,4,,,,,,,,,,,,,,,6,6,20,9,6,6,14,8,,,6,1,,,,
163,1/24/2022,Kainuk Health Centre,RYOBqzoEpP7,84480,Kenya,Turkana County,3,1,19,17,,,,,,,,,,,,,,,9,6,80,39,9,5,50,29,0,1,27,9,0,0,3,1
164,1/24/2022,Kakuma Mission Hospital,y3sdbZTk4Nq,84480,Kenya,Turkana County,0,0,85,43,,,1,,,,1,,,100,,,,,26,23,364,234,26,23,180,158,,0,160,69,,,24,7
165,1/24/2022,Kakuma Subcounty hospital,gb7zOoRoBzD,84480,Kenya,Turkana County,,,132,42,,,,,,,,,,,,,,,2,3,72,33,2,3,59,21,0,0,8,2,0,0,5,10
166,1/24/2022,Kalemungorok Dispensary,zKtWJtaqwQW,84480,Kenya,Turkana County,,,15,4,,,1,,,,1,,,,,,,,7,5,61,37,5,5,30,24,2,0,31,13,0,0,0,0
167,1/24/2022,Kalemunyang Dispensary,q8tZrZrBfjs,84480,Kenya,Turkana County,0,0,26,7,0,0,0,0,0,0,0,0,0,0,0,0,0,0,2,5,46,28,2,5,29,12,0,0,17,16,0,0,0,0
168,1/24/2022,Kalobeyei Dispensary,zr2rkncXfIY,84480,Kenya,Turkana County,0,0,0,7,0,0,0,0,0,0,0,0,0,59,0,0,0,0,0,0,0,0,0,0,0,0,0,0,0,0,0,0,0,0
169,1/24/2022,Kalokol (AIC) Health Centre,Z1qyIMLJcPz,84480,Kenya,Turkana County,3,0,42,26,,,2,,,,2,,,,,,1,,20,14,180,107,20,13,71,16,,1,92,70,,,17,21
170,1/24/2022,Kanakurudio Health Centre,RmCKMW2TcdV,84480,Kenya,Turkana County,0,0,5,2,,,,,,,,,,,,,,,4,2,14,3,4,2,5,,,,9,3,,,,
171,1/24/2022,Kanamkemer Health Centre,hvUZ7TbgWD1,84480,Kenya,Turkana County,,,,,,,,,,,,,,,,,,,,,,,,,,,,,,,,,,
172,1/24/2022,Kataboi Dispensary,opXmcR030VL,84480,Kenya,Turkana County,2,0,17,12,,,,,,,,,,,,,,,10,8,45,27,10,8,42,25,,,3,2,,,,
173,1/24/2022,Katilu Health Centre,jf1Cj05bjMF,84480,Kenya,Turkana County,3,17,23,36,,,1,,,,,,,15,,,,,15,10,152,88,13,10,57,31,2,0,86,46,0,0,9,11
174,1/24/2022,Kerio Health Centre,oixfDkMt2mg,84480,Kenya,Turkana County,3,0,13,16,,,,,,,,,,,,,,,6,1,32,21,6,1,30,19,,,2,1,,,,1
175,1/24/2022,Kibish GK Dispensary,pDcE1KuI01q,84480,Kenya,Turkana County,0,0,2,0,,,,,,,,,,,,,,,2,0,9,3,2,0,5,2,,,4,1,,,,
176,1/24/2022,Kokuro Health Centre,w8M4KdTZNqx,84480,Kenya,Turkana County,0,0,8,0,,,,,,,,,,,,,,,2,1,20,10,2,1,20,10,,,,,,,,
177,1/24/2022,Lochwaangikamatak Dispensary,Gx0TQxOPr3b,84480,Kenya,Turkana County,1,2,6,7,,,1,,,,1,,,,,,,,1,1,5,3,1,1,5,3,0,0,0,0,0,0,0,0
178,1/24/2022,Lodwar County Referral Hospital,F68NOkrOuUu,84480,Kenya,Turkana County,6,6,405,120,2,2,5,0,,,5,2,,33,,,,,72,76,1089,605,71,75,711,352,1,1,364,240,,,14,13
179,1/24/2022,Lokapel Dispensary,xMTOLud4Ura,84480,Kenya,Turkana County,,1,16,2,,,,,,,,1,,,,,,,1,3,17,13,1,1,3,1,0,2,14,12,0,0,0,0
180,1/24/2022,Lokichar (RCEA) Health Centre,No2gLbDeU26,84480,Kenya,Turkana County,1,1,39,18,,,1,,,,,,,,,,,1,15,24,243,145,15,22,185,68,0,2,52,73,0,0,6,4
181,1/24/2022,Lokichar Health Centre,QM7wwYjBzHw,84480,Kenya,Turkana County,1,1,102,28,,1,,,,,1,1,,,,,,1,5,4,72,32,5,4,27,11,0,0,39,21,0,0,6,0
182,1/24/2022,Lokitaung Sub County Hospital,j1aRGHrasgd,84480,Kenya,Turkana County,3,0,24,11,,,,,,,,,,,,,,,12,7,75,30,12,7,72,29,,,3,1,,,,
183,1/24/2022,Lokori (AIC) Health Centre,ylWpiOR8no7,84480,Kenya,Turkana County,,,3,3,,,,,,,,,,,,,,,1,2,12,10,1,2,6,4,0,0,6,6,0,0,0,0
184,1/24/2022,Lokori Primary Health Care Programme,Ot40T1kydu3,84480,Kenya,Turkana County,,1,8,7,,,1,,,,1,,,,,,,,7,7,122,63,6,7,45,37,1,0,70,23,0,0,7,3
185,1/24/2022,Longech Dispensary,aIyqTZoRiQH,84480,Kenya,Turkana County,1,4,12,18,,,1,,,,1,1,,,,,,,12,16,113,86,5,7,60,38,7,9,53,48,,,,
186,1/24/2022,Lopiding Sub County Hospital,FgQsfEJP0iW,84480,Kenya,Turkana County,,,1,,,,1,,,,1,,,,,,,,7,10,126,78,7,10,70,53,,,56,24,,,,1
187,1/24/2022,Lorengippi Dispensary,aEKXwhGAZb8,84480,Kenya,Turkana County,,,,,,,,,,,,,,,,,,,,,6,4,,,6,4,,,,,,,,
188,1/24/2022,Lorogon Dispensary,HNcnn93f46m,84480,Kenya,Turkana County,,,2,4,,,,,,,,,,,,,,,0,1,9,4,0,1,9,4,0,0,0,0,0,0,0,0
189,1/24/2022,Lorugum Health Centre,l9En6DUe5kR,84480,Kenya,Turkana County,1,,9,11,,,,,,,,,,,,,,,2,1,22,12,2,1,22,4,,,,8,,,,
190,1/24/2022,Lowarengak Health Centre,hdodZbxzTRf,84480,Kenya,Turkana County,3,5,21,16,,,,,,,,,,,,,,,13,11,110,103,13,11,95,65,,,15,38,,,,
191,1/24/2022,Makutano Health Centre (Turkana West),LoOLEiR0dJo,84480,Kenya,Turkana County,0,0,38,19,0,0,0,0,0,0,0,0,0,0,0,0,0,0,2,3,77,49,2,3,57,35,0,0,20,14,,,,
192,1/24/2022,Nadapal Dispensary,MjCbIuMExUE,84480,Kenya,Turkana County,4,2,7,4,0,0,0,0,0,0,0,0,0,0,0,0,0,0,2,0,18,12,2,0,12,10,0,0,6,2,0,0,0,0
193,1/24/2022,Nakabosan Dispensary,GxiLmhag3tj,84480,Kenya,Turkana County,,,7,,,,,,,,,,,,,,,,0,0,0,0,0,0,0,0,0,0,0,0,0,0,0,0
194,1/24/2022,Nakurio Dispensary,WTRZ9SGAwck,84480,Kenya,Turkana County,,,,,,,,,,,,,,,,,,,1,2,11,8,1,2,11,8,,,,,,,,
195,1/24/2022,Nakururum Dispensary,Q1nVJKarZbh,84480,Kenya,Turkana County,0,0,0,0,,,,,,,,,,,,,,,0,2,7,11,,2,1,,,,6,11,,,,
196,1/24/2022,Nakwamoru Health Centre,o6Td6Nq8Ni7,84480,Kenya,Turkana County,1,,31,21,,,1,,,,1,,,,,,,,2,4,72,37,2,4,55,23,0,0,17,12,0,0,0,2
197,1/24/2022,Namoruputh (PAG) Health Centre,POE9w28Xhtb,84480,Kenya,Turkana County,1,1,16,10,,,,,,,,,,,,,,,3,3,18,11,3,3,16,11,,,2,,,,,
198,1/24/2022,Namukuse Dispensary,gg2TsYenobO,84480,Kenya,Turkana County,1,0,41,13,,,,,,,1,,,,,,1,,16,22,175,128,16,22,113,64,,,49,15,,,13,49
199,1/24/2022,Narengewoi Dispensary,Lf9IeeHRXBZ,84480,Kenya,Turkana County,,,,,,,,,,,,,,,,,,,2,0,11,7,2,0,7,5,,,4,2,,,,
200,1/24/2022,Nariokotome Dispensary,fANW7MthZSI,84480,Kenya,Turkana County,3,2,7,4,,,,,,,,,,,,,,,3,5,72,37,3,5,67,37,,,5,0,,,,
201,1/24/2022,Natira Dispensary,qkLHOHleWwa,84480,Kenya,Turkana County,2,2,13,9,0,0,0,0,0,0,0,0,0,0,0,0,0,0,1,0,11,6,1,0,11,6,,,,,,,,
202,1/24/2022,Ngiitakito Dispensary,0n9v8sKLn5,84480,Kenya,Turkana County,37,20,,,,,,,,,,,,,,,,,1,1,23,10,1,1,23,10,,,,,,,,
203,1/24/2022,St Catherine Napetet Dispensary,SX6BrlIAUw9,84480,Kenya,Turkana County,,,24,22,,,3,,,,3,,,,,,,1,13,12,258,172,13,12,183,104,0,0,54,57,0,0,21,11
204,1/24/2022,St Elizabeth Lorugum Health Centre,a4XkbDvvWvO,84480,Kenya,Turkana County,1,0,40,24,0,0,0,1,0,0,0,1,0,0,0,0,0,0,5,7,42,28,5,7,18,24,0,0,18,0,0,0,6,4
205,1/24/2022,St Mary's Kalokol Primary Health Care Programme,bcAE6JjIUMj,84480,Kenya,Turkana County,1,0,40,21,,,,1,,,,1,,,,,,,17,18,116,67,17,18,77,41,0,0,39,25,0,0,0,1
206,1/24/2022,St Monica Nakwamekwi Dispensary,A5SoqW6Ua3Y,84480,Kenya,Turkana County,0,0,48,25,0,0,0,0,0,0,0,0,0,0,0,0,0,1,24,18,241,144,24,18,169,120,0,0,65,15,0,0,7,9
207,1/24/2022,St Patrick Kanamkemer Dispensary,ZqQwhBlZGfq,84480,Kenya,Turkana County,2,1,44,30,1,0,0,0,1,0,0,0,0,0,0,0,0,0,43,46,529,269,41,44,304,133,2,2,159,89,0,0,66,47
208,1/24/2022,Turkwel Health Centre (Loima),wBdDJ6GKMEC,84480,Kenya,Turkana County,4,5,6,3,0,0,0,0,,,,,,,,,,,8,4,44,30,8,4,24,15,0,0,18,15,,,2,
209,1/31/2022,AIC Lokichogio Health Centre,msVH1X00e7R,84480,Kenya,Turkana County,,,22,7,,,,,,,,,,,,,,6,,,,,,,,,,,,,,,,
210,1/31/2022,Aposta Dispensary,SyduIyTRlRy,84480,Kenya,Turkana County,1,,,,1,,,,1,,,,,,,,,,,,,,,,,,,,,,,,,
211,1/31/2022,IRC Kakuma,BdEUTRbjYoI,84480,Kenya,Turkana County,1,9,,3,,,,,,,,,,,,,,,,,,,,,,,,,,,,,,
212,1/31/2022,Kaaleng Health Centre,ABFocyEezFV,84480,Kenya,Turkana County,1,1,0,0,0,0,0,0,0,0,0,0,,46,,,,,,,,,,,,,,,,,,,,
213,1/31/2022,Kaeris Dispensary,QAQF3TVmUGy,84480,Kenya,Turkana County,3,4,9,5,0,0,0,0,0,0,0,0,,,,,,,,,,,,,,,,,,,,,,
214,1/31/2022,Kaikor Health Centre,vLfChG5goBd,84480,Kenya,Turkana County,0,0,5,8,0,0,0,0,0,0,0,0,,,,,,,,,,,,,,,,,,,,,,
215,1/31/2022,Kainuk Health Centre,RYOBqzoEpP7,84480,Kenya,Turkana County,1,1,9,4,0,0,0,0,0,0,0,0,0,0,0,0,0,0,,,,,,,,,,,,,,,,
216,1/31/2022,Kakuma Mission Hospital,y3sdbZTk4Nq,84480,Kenya,Turkana County,3,,56,30,,,1,1,,,,1,,48,,,,1,,,,,,,,,,,,,,,,
217,1/31/2022,Kakuma Subcounty hospital,gb7zOoRoBzD,84480,Kenya,Turkana County,,2,36,21,,,1,,,,,,,,,,,,,,,,,,,,,,,,,,,
218,1/31/2022,Kalemungorok Dispensary,zKtWJtaqwQW,84480,Kenya,Turkana County,1,1,4,3,0,0,0,0,0,0,0,0,0,0,0,0,0,0,,,,,,,,,,,,,,,,
219,1/31/2022,Kalemunyang Dispensary,q8tZrZrBfjs,84480,Kenya,Turkana County,2,3,25,7,0,0,0,0,0,0,0,0,0,0,0,0,0,0,,,,,,,,,,,,,,,,
220,1/31/2022,Kalobeyei Dispensary,zr2rkncXfIY,84480,Kenya,Turkana County,,,,9,,,,,,,,,,37,,,,,,,,,,,,,,,,,,,,
221,1/31/2022,Kalokol (AIC) Health Centre,Z1qyIMLJcPz,84480,Kenya,Turkana County,1,1,20,5,0,0,0,0,0,0,0,0,0,0,0,0,0,0,,,,,,,,,,,,,,,,
222,1/31/2022,Kanakurudio Health Centre,RmCKMW2TcdV,84480,Kenya,Turkana County,0,0,0,0,0,0,0,0,0,0,0,0,,,,,,,,,,,,,,,,,,,,,,
223,1/31/2022,Kanamkemer Health Centre,hvUZ7TbgWD1,84480,Kenya,Turkana County,0,2,11,4,0,0,0,0,0,0,0,0,0,0,0,0,0,0,,,,,,,,,,,,,,,,
224,1/31/2022,Kataboi Dispensary,opXmcR030VL,84480,Kenya,Turkana County,0,1,10,4,0,0,0,0,0,0,0,0,,,,,,,,,,,,,,,,,,,,,,
225,1/31/2022,Katilu Health Centre,jf1Cj05bjMF,84480,Kenya,Turkana County,2,0,41,13,0,0,1,0,0,0,1,1,0,33,0,0,0,0,,,,,,,,,,,,,,,,
226,1/31/2022,Kerio Health Centre,oixfDkMt2mg,84480,Kenya,Turkana County,0,1,19,8,0,0,0,0,0,0,0,0,0,0,0,0,0,0,,,,,,,,,,,,,,,,
227,1/31/2022,Kibish GK Dispensary,pDcE1KuI01q,84480,Kenya,Turkana County,0,0,2,1,0,0,0,0,0,0,0,0,,,,,,,,,,,,,,,,,,,,,,
228,1/31/2022,Kokuro Health Centre,w8M4KdTZNqx,84480,Kenya,Turkana County,0,0,1,0,0,0,0,0,0,0,0,0,,,,,,,,,,,,,,,,,,,,,,
229,1/31/2022,Lochwaangikamatak Dispensary,Gx0TQxOPr3b,84480,Kenya,Turkana County,1,0,2,1,0,0,0,0,0,0,0,0,0,0,,,,,,,,,,,,,,,,,,,,
230,1/31/2022,Lodwar County Referral Hospital,F68NOkrOuUu,84480,Kenya,Turkana County,6,8,229,132,0,0,4,1,0,1,2,3,0,24,0,0,0,0,,,,,,,,,,,,,,,,
231,1/31/2022,Lokapel Dispensary,xMTOLud4Ura,84480,Kenya,Turkana County,2,0,3,0,0,0,0,0,0,0,0,0,0,0,0,0,0,0,,,,,,,,,,,,,,,,
232,1/31/2022,Lokichar (RCEA) Health Centre,No2gLbDeU26,84480,Kenya,Turkana County,1,0,15,9,0,0,1,0,0,0,1,0,0,0,0,0,0,0,,,,,,,,,,,,,,,,
233,1/31/2022,Lokichar Health Centre,QM7wwYjBzHw,84480,Kenya,Turkana County,3,1,71,13,0,0,1,0,0,0,1,0,0,0,0,0,0,0,,,,,,,,,,,,,,,,
234,1/31/2022,Lokitaung Sub County Hospital,j1aRGHrasgd,84480,Kenya,Turkana County,1,0,10,10,0,0,0,0,0,0,0,0,,,,,,,,,,,,,,,,,,,,,,
235,1/31/2022,Lokori (AIC) Health Centre,ylWpiOR8no7,84480,Kenya,Turkana County,0,0,2,0,0,0,0,0,0,0,0,0,0,0,0,0,0,0,,,,,,,,,,,,,,,,
236,1/31/2022,Lokori Primary Health Care Programme,Ot40T1kydu3,84480,Kenya,Turkana County,0,0,13,3,0,0,0,0,0,0,0,0,0,0,0,0,0,0,,,,,,,,,,,,,,,,
237,1/31/2022,Longech Dispensary,aIyqTZoRiQH,84480,Kenya,Turkana County,1,2,27,10,0,0,0,0,0,0,0,0,0,0,0,0,0,0,,,,,,,,,,,,,,,,
238,1/31/2022,Lopiding Sub County Hospital,FgQsfEJP0iW,84480,Kenya,Turkana County,,,14,35,,,,,,,,,,,,,,,,,,,,,,,,,,,,,,
239,1/31/2022,Lorengippi Dispensary,aEKXwhGAZb8,84480,Kenya,Turkana County,,,,,,,,,,,,,,,,,,,,,,,,,,,,,,,,,,
240,1/31/2022,Lorogon Dispensary,HNcnn93f46m,84480,Kenya,Turkana County,0,1,3,0,0,0,0,0,0,0,0,0,0,0,0,0,0,0,,,,,,,,,,,,,,,,
241,1/31/2022,Lorugum Health Centre,l9En6DUe5kR,84480,Kenya,Turkana County,0,0,8,3,0,0,0,1,0,0,0,1,0,0,0,0,0,0,,,,,,,,,,,,,,,,
242,1/31/2022,Lowarengak Health Centre,hdodZbxzTRf,84480,Kenya,Turkana County,5,3,11,8,0,0,0,0,0,0,0,0,,,,,,,,,,,,,,,,,,,,,,
243,1/31/2022,Makutano Health Centre (Turkana West),LoOLEiR0dJo,84480,Kenya,Turkana County,2,1,17,14,,,,,,,,,,,,,,,,,,,,,,,,,,,,,,
244,1/31/2022,Nadapal Dispensary,MjCbIuMExUE,84480,Kenya,Turkana County,2,2,5,3,0,0,0,0,0,0,0,0,0,0,0,0,0,0,,,,,,,,,,,,,,,,
245,1/31/2022,Nakabosan Dispensary,GxiLmhag3tj,84480,Kenya,Turkana County,0,0,2,1,0,0,0,0,0,0,0,0,0,0,0,0,0,0,,,,,,,,,,,,,,,,
246,1/31/2022,Nakurio Dispensary,WTRZ9SGAwck,84480,Kenya,Turkana County,0,0,8,1,0,0,0,0,0,0,0,0,0,0,0,0,0,0,,,,,,,,,,,,,,,,
247,1/31/2022,Nakururum Dispensary,Q1nVJKarZbh,84480,Kenya,Turkana County,,,8,,,,,,,,,,,,,,,,,,,,,,,,,,,,,,,
248,1/31/2022,Nakwamoru Health Centre,o6Td6Nq8Ni7,84480,Kenya,Turkana County,1,0,17,5,0,0,0,0,0,0,0,0,0,0,0,0,0,0,,,,,,,,,,,,,,,,
249,1/31/2022,Namoruputh (PAG) Health Centre,POE9w28Xhtb,84480,Kenya,Turkana County,3,2,13,4,0,0,0,0,0,0,0,0,0,0,0,0,0,0,,,,,,,,,,,,,,,,
250,1/31/2022,Namukuse Dispensary,gg2TsYenobO,84480,Kenya,Turkana County,4,1,17,18,0,0,1,1,0,0,1,1,0,0,0,0,0,0,,,,,,,,,,,,,,,,
251,1/31/2022,Narengewoi Dispensary,Lf9IeeHRXBZ,84480,Kenya,Turkana County,0,0,0,0,0,0,0,0,0,0,0,0,,,,,,,,,,,,,,,,,,,,,,
252,1/31/2022,Nariokotome Dispensary,fANW7MthZSI,84480,Kenya,Turkana County,3,3,2,4,0,0,0,0,0,0,0,0,,,,,,,,,,,,,,,,,,,,,,
253,1/31/2022,Natira Dispensary,qkLHOHleWwa,84480,Kenya,Turkana County,2,3,2,10,,,,,,,,,,,,,,,,,,,,,,,,,,,,,,
254,1/31/2022,Ngiitakito Dispensary,0n9v8sKLn5,84480,Kenya,Turkana County,0,1,9,21,0,0,0,0,0,0,0,0,0,0,0,0,0,0,,,,,,,,,,,,,,,,
255,1/31/2022,St Catherine Napetet Dispensary,SX6BrlIAUw9,84480,Kenya,Turkana County,0,0,22,12,0,0,2,1,0,0,2,1,0,0,0,0,0,0,,,,,,,,,,,,,,,,
256,1/31/2022,St Elizabeth Lorugum Health Centre,a4XkbDvvWvO,84480,Kenya,Turkana County,1,0,39,13,0,0,0,0,0,0,0,0,0,0,0,0,0,0,,,,,,,,,,,,,,,,
257,1/31/2022,St Mary's Kalokol Primary Health Care Programme,bcAE6JjIUMj,84480,Kenya,Turkana County,4,5,22,14,0,0,0,1,0,0,0,1,0,0,0,0,0,0,,,,,,,,,,,,,,,,
258,1/31/2022,St Monica Nakwamekwi Dispensary,A5SoqW6Ua3Y,84480,Kenya,Turkana County,1,3,27,14,0,0,0,0,0,0,0,0,0,0,0,0,0,0,,,,,,,,,,,,,,,,
259,1/31/2022,St Patrick Kanamkemer Dispensary,ZqQwhBlZGfq,84480,Kenya,Turkana County,1,1,46,18,0,1,0,0,0,1,0,0,0,0,0,0,0,0,,,,,,,,,,,,,,,,
260,1/31/2022,Turkwel Health Centre (Loima),wBdDJ6GKMEC,84480,Kenya,Turkana County,1,0,6,3,0,0,0,0,0,0,0,0,0,0,0,0,0,0,,,,,,,,,,,,,,,,
261,2/7/2022,AIC Lokichogio Health Centre,msVH1X00e7R,84480,Kenya,Turkana County,1,,40,16,,,,,,,,,,,,,,8,,,,,,,,,,,,,,,,
262,2/7/2022,Aposta Dispensary,SyduIyTRlRy,84480,Kenya,Turkana County,,,7,,,,,,,,,,,,,,,,,,,,,,,,,,,,,,,
263,2/7/2022,IRC Kakuma,BdEUTRbjYoI,84480,Kenya,Turkana County,,,19,,,,,,,,,2,,,,,,,,,,,,,,,,,,,,,,
264,2/7/2022,Kaaleng Health Centre,ABFocyEezFV,84480,Kenya,Turkana County,0,0,40,1,0,0,0,0,0,0,0,0,,42,,,,,,,,,,,,,,,,,,,,
265,2/7/2022,Kaeris Dispensary,QAQF3TVmUGy,84480,Kenya,Turkana County,6,2,10,5,0,0,0,0,0,0,0,0,,,,,,,,,,,,,,,,,,,,,,
266,2/7/2022,Kaikor Health Centre,vLfChG5goBd,84480,Kenya,Turkana County,0,1,5,7,0,0,0,0,0,0,0,0,,,,,,,,,,,,,,,,,,,,,,
267,2/7/2022,Kainuk Health Centre,RYOBqzoEpP7,84480,Kenya,Turkana County,0,0,11,14,0,0,1,0,0,0,1,0,0,0,0,0,6,0,,,,,,,,,,,,,,,,
268,2/7/2022,Kakuma Mission Hospital,y3sdbZTk4Nq,84480,Kenya,Turkana County,,3,81,38,,,,,,,,,,86,,,,,,,,,,,,,,,,,,,,
269,2/7/2022,Kakuma Subcounty hospital,gb7zOoRoBzD,84480,Kenya,Turkana County,2,1,95,41,,,,1,,,,1,,,,,26,10,,,,,,,,,,,,,,,,
270,2/7/2022,Kalemungorok Dispensary,zKtWJtaqwQW,84480,Kenya,Turkana County,0,0,7,1,0,0,0,0,0,0,0,0,,,,,,,,,,,,,,,,,,,,,,
271,2/7/2022,Kalemunyang Dispensary,q8tZrZrBfjs,84480,Kenya,Turkana County,3,5,17,10,0,0,0,2,0,0,0,2,0,0,0,0,0,0,,,,,,,,,,,,,,,,
272,2/7/2022,Kalobeyei Dispensary,zr2rkncXfIY,84480,Kenya,Turkana County,,,,8,,,,,,,,,,21,,,,,,,,,,,,,,,,,,,,
273,2/7/2022,Kalokol (AIC) Health Centre,Z1qyIMLJcPz,84480,Kenya,Turkana County,1,2,75,15,0,0,0,0,0,0,0,0,0,0,0,0,0,0,,,,,,,,,,,,,,,,
274,2/7/2022,Kanakurudio Health Centre,RmCKMW2TcdV,84480,Kenya,Turkana County,0,0,0,0,0,0,0,0,0,0,0,0,,,,,,,,,,,,,,,,,,,,,,
275,2/7/2022,Kanamkemer Health Centre,hvUZ7TbgWD1,84480,Kenya,Turkana County,1,4,23,17,0,0,0,0,0,0,0,0,0,0,0,0,0,0,,,,,,,,,,,,,,,,
276,2/7/2022,Kataboi Dispensary,opXmcR030VL,84480,Kenya,Turkana County,2,0,28,7,0,0,0,0,0,0,0,0,,,,,,,,,,,,,,,,,,,,,,
277,2/7/2022,Katilu Health Centre,jf1Cj05bjMF,84480,Kenya,Turkana County,1,3,48,19,0,0,0,2,0,0,0,2,0,65,,,,,,,,,,,,,,,,,,,,
278,2/7/2022,Kerio Health Centre,oixfDkMt2mg,84480,Kenya,Turkana County,2,1,19,12,0,0,0,0,0,0,0,0,0,0,0,0,0,0,,,,,,,,,,,,,,,,
279,2/7/2022,Kibish GK Dispensary,pDcE1KuI01q,84480,Kenya,Turkana County,0,0,2,0,0,0,0,0,0,0,0,0,,,,,,,,,,,,,,,,,,,,,,
280,2/7/2022,Kokuro Health Centre,w8M4KdTZNqx,84480,Kenya,Turkana County,0,0,0,0,0,0,0,0,0,0,0,0,,,,,,,,,,,,,,,,,,,,,,
281,2/7/2022,Lochwaangikamatak Dispensary,Gx0TQxOPr3b,84480,Kenya,Turkana County,1,2,3,3,0,0,0,0,0,0,0,0,,,0,0,0,0,,,,,,,,,,,,,,,,
282,2/7/2022,Lodwar County Referral Hospital,F68NOkrOuUu,84480,Kenya,Turkana County,8,7,387,123,0,0,1,2,0,0,2,2,0,47,0,0,24,3,,,,,,,,,,,,,,,,
283,2/7/2022,Lokapel Dispensary,xMTOLud4Ura,84480,Kenya,Turkana County,0,1,7,6,0,0,0,0,0,0,0,0,,,0,0,0,0,,,,,,,,,,,,,,,,
284,2/7/2022,Lokichar (RCEA) Health Centre,No2gLbDeU26,84480,Kenya,Turkana County,2,1,19,11,0,0,0,0,0,0,0,0,0,0,0,0,0,0,,,,,,,,,,,,,,,,
285,2/7/2022,Lokichar Health Centre,QM7wwYjBzHw,84480,Kenya,Turkana County,5,1,82,25,0,0,1,0,0,0,1,0,0,0,0,0,0,0,,,,,,,,,,,,,,,,
286,2/7/2022,Lokitaung Sub County Hospital,j1aRGHrasgd,84480,Kenya,Turkana County,3,0,18,14,0,0,0,0,0,0,0,0,,,,,,,,,,,,,,,,,,,,,,
287,2/7/2022,Lokori (AIC) Health Centre,ylWpiOR8no7,84480,Kenya,Turkana County,0,0,3,1,0,0,0,0,0,0,0,0,0,0,0,0,0,0,,,,,,,,,,,,,,,,
288,2/7/2022,Lokori Primary Health Care Programme,Ot40T1kydu3,84480,Kenya,Turkana County,0,0,6,8,0,0,0,0,0,0,0,0,0,0,0,0,0,0,,,,,,,,,,,,,,,,
289,2/7/2022,Longech Dispensary,aIyqTZoRiQH,84480,Kenya,Turkana County,0,1,23,19,0,0,0,1,0,0,0,1,0,0,0,0,0,0,,,,,,,,,,,,,,,,
290,2/7/2022,Lopiding Sub County Hospital,FgQsfEJP0iW,84480,Kenya,Turkana County,5,7,75,20,,,1,2,,,1,2,,,,,1,,,,,,,,,,,,,,,,,
291,2/7/2022,Lorengippi Dispensary,aEKXwhGAZb8,84480,Kenya,Turkana County,,,,,,,,,,,,,,,,,,,,,,,,,,,,,,,,,,
292,2/7/2022,Lorogon Dispensary,HNcnn93f46m,84480,Kenya,Turkana County,1,0,1,3,0,0,0,0,0,0,0,0,0,0,0,0,0,0,,,,,,,,,,,,,,,,
293,2/7/2022,Lorugum Health Centre,l9En6DUe5kR,84480,Kenya,Turkana County,0,0,11,3,0,0,0,0,0,0,0,0,0,0,0,0,0,0,,,,,,,,,,,,,,,,
294,2/7/2022,Lowarengak Health Centre,hdodZbxzTRf,84480,Kenya,Turkana County,15,8,35,12,0,0,0,0,0,0,0,0,,,,,,,,,,,,,,,,,,,,,,
295,2/7/2022,Makutano Health Centre (Turkana West),LoOLEiR0dJo,84480,Kenya,Turkana County,,,26,15,,,,2,,,,2,,,,,,,,,,,,,,,,,,,,,,
296,2/7/2022,Nadapal Dispensary,MjCbIuMExUE,84480,Kenya,Turkana County,3,5,7,6,0,0,0,0,0,0,0,0,0,0,0,0,0,0,,,,,,,,,,,,,,,,
297,2/7/2022,Nakabosan Dispensary,GxiLmhag3tj,84480,Kenya,Turkana County,0,0,1,0,0,0,0,0,0,0,0,0,0,0,0,0,0,0,,,,,,,,,,,,,,,,
298,2/7/2022,Nakurio Dispensary,WTRZ9SGAwck,84480,Kenya,Turkana County,0,0,11,8,0,0,0,0,0,0,0,0,0,0,0,0,0,0,,,,,,,,,,,,,,,,
299,2/7/2022,Nakururum Dispensary,Q1nVJKarZbh,84480,Kenya,Turkana County,,,4,1,,,,,,,,,,,,,,,,,,,,,,,,,,,,,,
300,2/7/2022,Nakwamoru Health Centre,o6Td6Nq8Ni7,84480,Kenya,Turkana County,0,0,29,13,0,0,1,0,0,0,0,0,0,0,0,0,0,0,,,,,,,,,,,,,,,,
301,2/7/2022,Namoruputh (PAG) Health Centre,POE9w28Xhtb,84480,Kenya,Turkana County,6,8,19,12,0,0,0,0,0,0,0,0,0,0,0,0,0,0,,,,,,,,,,,,,,,,
302,2/7/2022,Namukuse Dispensary,gg2TsYenobO,84480,Kenya,Turkana County,6,0,16,16,0,0,0,1,0,0,0,1,0,0,0,0,0,0,,,,,,,,,,,,,,,,
303,2/7/2022,Narengewoi Dispensary,Lf9IeeHRXBZ,84480,Kenya,Turkana County,0,0,1,0,0,0,0,0,0,0,0,0,,,,,,,,,,,,,,,,,,,,,,
304,2/7/2022,Nariokotome Dispensary,fANW7MthZSI,84480,Kenya,Turkana County,4,3,9,4,0,0,0,1,0,0,0,1,,,,,,,,,,,,,,,,,,,,,,
305,2/7/2022,Natira Dispensary,qkLHOHleWwa,84480,Kenya,Turkana County,,,12,2,,,,,,,,,,,,,,,,,,,,,,,,,,,,,,
306,2/7/2022,Ngiitakito Dispensary,0n9v8sKLn5,84480,Kenya,Turkana County,0,1,13,36,0,0,0,0,0,0,0,0,0,0,0,0,0,0,,,,,,,,,,,,,,,,
307,2/7/2022,St Elizabeth Lorugum Health Centre,a4XkbDvvWvO,84480,Kenya,Turkana County,0,0,29,21,0,0,2,1,0,0,2,1,0,0,0,0,0,2,,,,,,,,,,,,,,,,
308,2/7/2022,St Mary's Kalokol Primary Health Care Programme,bcAE6JjIUMj,84480,Kenya,Turkana County,3,2,42,9,0,0,0,0,0,0,0,0,0,0,0,0,0,0,,,,,,,,,,,,,,,,
309,2/7/2022,St Monica Nakwamekwi Dispensary,A5SoqW6Ua3Y,84480,Kenya,Turkana County,3,2,31,22,1,0,1,1,1,0,1,1,0,0,0,0,0,0,,,,,,,,,,,,,,,,
310,2/7/2022,St Patrick Kanamkemer Dispensary,ZqQwhBlZGfq,84480,Kenya,Turkana County,4,5,54,19,0,0,0,0,0,0,0,0,0,0,0,0,1,1,,,,,,,,,,,,,,,,
311,2/7/2022,Turkwel Health Centre (Loima),wBdDJ6GKMEC,84480,Kenya,Turkana County,1,1,32,24,0,0,0,0,0,0,0,0,0,0,0,0,1,0,,,,,,,,,,,,,,,,
312,2/7/2022,Turkwel Health Centre (Loima),wBdDJ6GKMEC,84480,Kenya,Turkana County,0,0,6,6,0,0,0,0,0,0,0,0,0,0,0,0,0,0,,,,,,,,,,,,,,,,
313,2/14/2022,AIC Lokichogio Health Centre,msVH1X00e7R,84480,Kenya,Turkana County,,,121,19,,,1,,,,1,,,,,,,10,,,,,,,,,,,,,,,,
314,2/14/2022,Aposta Dispensary,SyduIyTRlRy,84480,Kenya,Turkana County,,,9,,,,,,,,,,,,,,,,,,,,,,,,,,,,,,,
315,2/14/2022,IRC Kakuma,BdEUTRbjYoI,84480,Kenya,Turkana County,,,28,24,,,1,,,,1,,,,,,,,,,,,,,,,,,,,,,,
316,2/14/2022,Kaaleng Health Centre,ABFocyEezFV,84480,Kenya,Turkana County,0,0,25,23,0,0,0,0,0,0,0,0,,58,,,,,,,,,,,,,,,,,,,,
317,2/14/2022,Kaeris Dispensary,QAQF3TVmUGy,84480,Kenya,Turkana County,4,3,12,9,0,0,0,0,0,0,0,0,,,,,,,,,,,,,,,,,,,,,,
318,2/14/2022,Kaikor Health Centre,vLfChG5goBd,84480,Kenya,Turkana County,0,1,7,4,0,1,0,0,0,1,0,0,,,,,,,,,,,,,,,,,,,,,,
319,2/14/2022,Kainuk Health Centre,RYOBqzoEpP7,84480,Kenya,Turkana County,0,0,15,11,0,0,2,0,0,0,2,0,,,,,,,,,,,,,,,,,,,,,,
320,2/14/2022,Kakuma Mission Hospital,y3sdbZTk4Nq,84480,Kenya,Turkana County,6,8,76,64,,,1,,,,,,,72,,,,1,,,,,,,,,,,,,,,,
321,2/14/2022,Kakuma Subcounty hospital,gb7zOoRoBzD,84480,Kenya,Turkana County,,1,125,12,,,,1,,,,1,,,,,20,7,,,,,,,,,,,,,,,,
322,2/14/2022,Kalemungorok Dispensary,zKtWJtaqwQW,84480,Kenya,Turkana County,2,0,14,2,0,0,0,0,0,0,0,0,,,,,,,,,,,,,,,,,,,,,,
323,2/14/2022,Kalemunyang Dispensary,q8tZrZrBfjs,84480,Kenya,Turkana County,1,1,10,16,0,0,0,0,0,0,0,0,0,0,0,0,0,0,,,,,,,,,,,,,,,,
324,2/14/2022,Kalobeyei Dispensary,zr2rkncXfIY,84480,Kenya,Turkana County,,,,3,,,,,,,,,,21,,,,,,,,,,,,,,,,,,,,
325,2/14/2022,Kalokol (AIC) Health Centre,Z1qyIMLJcPz,84480,Kenya,Turkana County,5,0,125,171,0,0,1,0,0,0,1,0,0,0,0,0,0,0,,,,,,,,,,,,,,,,
326,2/14/2022,Kanakurudio Health Centre,RmCKMW2TcdV,84480,Kenya,Turkana County,0,0,5,0,0,0,0,0,0,0,0,0,,,,,,,,,,,,,,,,,,,,,,
327,2/14/2022,Kanamkemer Health Centre,hvUZ7TbgWD1,84480,Kenya,Turkana County,2,3,37,18,0,0,0,0,0,0,0,0,0,0,0,0,0,0,,,,,,,,,,,,,,,,
328,2/14/2022,Kataboi Dispensary,opXmcR030VL,84480,Kenya,Turkana County,1,0,16,3,0,0,0,0,0,0,0,0,,,,,,,,,,,,,,,,,,,,,,
329,2/14/2022,Katilu Health Centre,jf1Cj05bjMF,84480,Kenya,Turkana County,1,0,19,7,0,0,2,1,0,0,0,1,0,61,,,,,,,,,,,,,,,,,,,,
330,2/14/2022,Kerio Health Centre,oixfDkMt2mg,84480,Kenya,Turkana County,2,0,28,15,0,0,0,0,0,0,0,0,0,0,0,0,0,0,,,,,,,,,,,,,,,,
331,2/14/2022,Kibish GK Dispensary,pDcE1KuI01q,84480,Kenya,Turkana County,0,0,1,1,0,0,0,0,0,0,0,0,,,,,,,,,,,,,,,,,,,,,,
332,2/14/2022,Kokuro Health Centre,w8M4KdTZNqx,84480,Kenya,Turkana County,0,0,2,0,0,0,0,0,0,0,0,0,,,,,,,,,,,,,,,,,,,,,,
333,2/14/2022,Lochwaangikamatak Dispensary,Gx0TQxOPr3b,84480,Kenya,Turkana County,0,0,4,0,0,0,0,0,0,0,0,0,,,0,0,0,0,,,,,,,,,,,,,,,,
334,2/14/2022,Lodwar County Referral Hospital,F68NOkrOuUu,84480,Kenya,Turkana County,14,10,480,110,0,0,7,2,0,0,1,2,0,16,0,0,41,3,,,,,,,,,,,,,,,,
335,2/14/2022,Lokapel Dispensary,xMTOLud4Ura,84480,Kenya,Turkana County,1,0,8,3,0,0,0,0,0,0,0,0,,,0,0,0,0,,,,,,,,,,,,,,,,
336,2/14/2022,Lokichar (RCEA) Health Centre,No2gLbDeU26,84480,Kenya,Turkana County,0,0,16,8,0,0,2,0,0,0,2,0,0,0,0,0,0,0,,,,,,,,,,,,,,,,
337,2/14/2022,Lokichar Health Centre,QM7wwYjBzHw,84480,Kenya,Turkana County,0,3,42,17,0,0,0,0,0,0,0,0,0,0,0,0,0,0,,,,,,,,,,,,,,,,
338,2/14/2022,Lokitaung Sub County Hospital,j1aRGHrasgd,84480,Kenya,Turkana County,3,3,19,10,0,0,0,0,0,0,0,0,,,,,,,,,,,,,,,,,,,,,,
339,2/14/2022,Lokori (AIC) Health Centre,ylWpiOR8no7,84480,Kenya,Turkana County,0,0,2,4,0,0,0,0,0,0,0,0,0,0,0,0,0,0,,,,,,,,,,,,,,,,
340,2/14/2022,Lokori Primary Health Care Programme,Ot40T1kydu3,84480,Kenya,Turkana County,0,0,15,5,0,0,0,0,0,0,0,0,0,0,0,0,0,0,,,,,,,,,,,,,,,,
341,2/14/2022,Longech Dispensary,aIyqTZoRiQH,84480,Kenya,Turkana County,0,3,24,18,0,0,0,0,0,0,0,0,0,0,0,0,0,0,,,,,,,,,,,,,,,,
342,2/14/2022,Lopiding Sub County Hospital,FgQsfEJP0iW,84480,Kenya,Turkana County,1,2,68,16,,,1,1,,,1,1,,,,,,1,,,,,,,,,,,,,,,,
343,2/14/2022,Lorengippi Dispensary,aEKXwhGAZb8,84480,Kenya,Turkana County,,,,,,,,,,,,,,,,,,,,,,,,,,,,,,,,,,
344,2/14/2022,Lorogon Dispensary,HNcnn93f46m,84480,Kenya,Turkana County,0,0,5,1,0,0,0,0,0,0,0,0,0,0,0,0,0,0,,,,,,,,,,,,,,,,
345,2/14/2022,Lorugum Health Centre,l9En6DUe5kR,84480,Kenya,Turkana County,1,0,7,7,0,0,1,0,0,0,1,0,0,0,0,0,0,0,,,,,,,,,,,,,,,,
346,2/14/2022,Lowarengak Health Centre,hdodZbxzTRf,84480,Kenya,Turkana County,0,8,35,15,0,0,0,0,0,0,0,0,,,,,1,,,,,,,,,,,,,,,,,
347,2/14/2022,Makutano Health Centre (Turkana West),LoOLEiR0dJo,84480,Kenya,Turkana County,1,3,26,11,,,1,,,,1,,,,,,,,,,,,,,,,,,,,,,,
348,2/14/2022,Nadapal Dispensary,MjCbIuMExUE,84480,Kenya,Turkana County,6,5,35,4,0,0,1,0,0,0,1,0,0,0,0,0,0,0,,,,,,,,,,,,,,,,
349,2/14/2022,Nakabosan Dispensary,GxiLmhag3tj,84480,Kenya,Turkana County,0,0,3,0,0,0,0,0,0,0,0,0,0,0,0,0,0,0,,,,,,,,,,,,,,,,
350,2/14/2022,Nakurio Dispensary,WTRZ9SGAwck,84480,Kenya,Turkana County,0,0,14,4,0,0,0,0,0,0,0,0,0,0,0,0,0,0,,,,,,,,,,,,,,,,
351,2/14/2022,Nakururum Dispensary,Q1nVJKarZbh,84480,Kenya,Turkana County,,,3,,,,,,,,,,,,,,,,,,,,,,,,,,,,,,,
352,2/14/2022,Nakwamoru Health Centre,o6Td6Nq8Ni7,84480,Kenya,Turkana County,0,0,15,16,0,0,0,0,0,0,0,0,0,0,0,0,0,0,,,,,,,,,,,,,,,,
353,2/14/2022,Namoruputh (PAG) Health Centre,POE9w28Xhtb,84480,Kenya,Turkana County,4,9,12,7,0,0,0,0,0,0,0,0,0,0,0,0,0,0,,,,,,,,,,,,,,,,
354,2/14/2022,Namukuse Dispensary,gg2TsYenobO,84480,Kenya,Turkana County,0,0,15,8,0,0,0,1,0,0,0,1,0,0,0,0,0,0,,,,,,,,,,,,,,,,
355,2/14/2022,Narengewoi Dispensary,Lf9IeeHRXBZ,84480,Kenya,Turkana County,0,0,1,0,0,0,0,0,0,0,0,0,,,,,,,,,,,,,,,,,,,,,,
356,2/14/2022,Nariokotome Dispensary,fANW7MthZSI,84480,Kenya,Turkana County,0,0,4,6,0,0,0,0,0,0,0,0,,,,,,,,,,,,,,,,,,,,,,
357,2/14/2022,Natira Dispensary,qkLHOHleWwa,84480,Kenya,Turkana County,,,24,3,,,,,,,,,,,,,,,,,,,,,,,,,,,,,,
358,2/14/2022,Ngiitakito Dispensary,0n9v8sKLn5,84480,Kenya,Turkana County,0,0,8,17,0,0,0,0,0,0,0,0,0,0,0,0,0,0,,,,,,,,,,,,,,,,
359,2/14/2022,St Catherine Napetet Dispensary,SX6BrlIAUw9,84480,Kenya,Turkana County,0,0,23,22,0,0,1,0,0,0,1,0,0,0,0,0,0,0,,,,,,,,,,,,,,,,
360,2/14/2022,St Elizabeth Lorugum Health Centre,a4XkbDvvWvO,84480,Kenya,Turkana County,2,0,19,4,0,0,0,0,0,0,0,0,0,0,0,0,0,0,,,,,,,,,,,,,,,,
361,2/14/2022,St Mary's Kalokol Primary Health Care Programme,bcAE6JjIUMj,84480,Kenya,Turkana County,3,3,27,21,0,0,1,0,0,0,1,0,0,0,0,0,0,0,,,,,,,,,,,,,,,,
362,2/14/2022,St Monica Nakwamekwi Dispensary,A5SoqW6Ua3Y,84480,Kenya,Turkana County,6,5,40,19,0,0,0,0,0,0,0,0,0,0,0,0,1,0,,,,,,,,,,,,,,,,
363,2/14/2022,St Patrick Kanamkemer Dispensary,ZqQwhBlZGfq,84480,Kenya,Turkana County,2,0,51,23,0,0,1,0,0,0,1,0,0,0,0,0,0,0,,,,,,,,,,,,,,,,
364,2/14/2022,Turkwel Health Centre (Loima),wBdDJ6GKMEC,84480,Kenya,Turkana County,0,0,0,0,0,0,0,0,0,0,0,0,0,0,0,0,0,0,,,,,,,,,,,,,,,,
365,2/21/2022,AIC Lokichogio Health Centre,msVH1X00e7R,84480,Kenya,Turkana County,,,110,26,,,,,,,,,,,,,,1,14,19,179,109,14,19,42,2,,,129,103,,,8,4
366,2/21/2022,Aposta Dispensary,SyduIyTRlRy,84480,Kenya,Turkana County,,,26,3,,,,,,,,,,,,,,,3,2,15,9,3,2,15,9,,,,,,,,
367,2/21/2022,IRC Kakuma,BdEUTRbjYoI,84480,Kenya,Turkana County,,,59,87,,,,,,,,1,,,,2,,,25,23,382,182,20,18,12,0,5,5,370,182,0,0,0,0
368,2/21/2022,Kaaleng Health Centre,ABFocyEezFV,84480,Kenya,Turkana County,0,0,9,5,0,0,0,0,0,0,0,0,0,0,,,,,2,3,17,3,1,3,1,0,1,,16,3,,,,
369,2/21/2022,Kaeris Dispensary,QAQF3TVmUGy,84480,Kenya,Turkana County,2,1,10,5,0,0,0,0,0,0,0,0,0,0,,,,,4,1,11,6,2,1,0,0,2,0,11,6,,,,
370,2/21/2022,Kaikor Health Centre,vLfChG5goBd,84480,Kenya,Turkana County,2,1,8,7,0,0,0,0,0,0,0,0,0,0,,,,,6,5,15,17,6,5,9,16,,,6,1,,,,
371,2/21/2022,Kainuk Health Centre,RYOBqzoEpP7,84480,Kenya,Turkana County,0,0,19,14,0,0,0,0,0,0,0,0,0,0,0,0,6,0,8,6,77,37,8,6,65,35,0,0,12,2,0,0,0,0
372,2/21/2022,Kakuma Mission Hospital,y3sdbZTk4Nq,84480,Kenya,Turkana County,3,9,147,90,,,,2,,,,,,75,,,,,25,23,361,241,25,23,177,165,,0,160,69,,,24,7
373,2/21/2022,Kakuma Subcounty hospital,gb7zOoRoBzD,84480,Kenya,Turkana County,,1,26,8,,,,,,,,,,,,,,,2,4,82,35,2,4,62,22,0,0,15,2,0,0,5,11
374,2/21/2022,Kalemungorok Dispensary,zKtWJtaqwQW,84480,Kenya,Turkana County,1,0,19,3,0,0,0,0,0,0,0,0,0,0,0,0,0,0,6,8,59,38,6,8,20,16,0,0,39,22,0,0,0,0
375,2/21/2022,Kalemunyang Dispensary,q8tZrZrBfjs,84480,Kenya,Turkana County,0,3,9,4,0,0,1,0,0,0,1,0,0,0,0,0,0,0,2,5,45,29,2,5,30,11,0,0,15,18,0,0,0,0
376,2/21/2022,Kalobeyei Dispensary,zr2rkncXfIY,84480,Kenya,Turkana County,,,5,,,,,,,,,,,0,,,,,0,0,0,0,0,0,0,0,,0,0,0,0,0,0,0
377,2/21/2022,Kalokol (AIC) Health Centre,Z1qyIMLJcPz,84480,Kenya,Turkana County,3,2,178,134,0,0,1,0,0,0,1,0,0,0,0,0,0,0,19,14,172,109,14,8,41,12,4,6,120,90,1,0,11,7
378,2/21/2022,Kanakurudio Health Centre,RmCKMW2TcdV,84480,Kenya,Turkana County,1,1,18,10,0,0,0,0,0,0,0,0,0,0,,,,,4,2,14,3,4,2,5,,,,9,3,,,,
379,2/21/2022,Kanamkemer Health Centre,hvUZ7TbgWD1,84480,Kenya,Turkana County,0,1,9,4,0,0,0,0,0,0,0,0,0,0,0,0,0,0,0,0,0,0,0,0,0,0,,0,0,0,0,0,0,0
380,2/21/2022,Kataboi Dispensary,opXmcR030VL,84480,Kenya,Turkana County,2,1,25,11,0,0,0,0,0,0,0,0,0,0,,,,,8,6,48,24,8,6,45,22,,,3,2,,,,
381,2/21/2022,Katilu Health Centre,jf1Cj05bjMF,84480,Kenya,Turkana County,0,0,27,18,0,0,0,1,0,0,0,1,0,4,0,0,0,0,18,9,146,90,13,8,26,12,5,1,114,70,0,0,7,7
382,2/21/2022,Kerio Health Centre,oixfDkMt2mg,84480,Kenya,Turkana County,2,0,16,10,0,0,0,1,0,0,0,0,0,0,0,0,0,0,6,1,33,20,6,1,31,18,0,0,2,1,0,0,0,1
383,2/21/2022,Kibish GK Dispensary,pDcE1KuI01q,84480,Kenya,Turkana County,0,0,2,1,0,0,0,0,0,0,0,0,0,0,,,,,2,0,9,3,2,0,5,2,,,4,1,,,,
384,2/21/2022,Kokuro Health Centre,w8M4KdTZNqx,84480,Kenya,Turkana County,0,0,0,0,0,0,0,0,0,0,0,0,0,0,,,,,2,1,18,10,2,1,18,10,,,,,,,,
385,2/21/2022,Lochwaangikamatak Dispensary,Gx0TQxOPr3b,84480,Kenya,Turkana County,0,2,1,3,0,0,0,0,0,0,0,0,,,0,0,0,0,1,1,5,3,1,1,5,3,0,0,0,0,0,0,0,0
386,2/21/2022,Lodwar County Referral Hospital,F68NOkrOuUu,84480,Kenya,Turkana County,8,13,308,113,0,1,2,2,0,0,0,2,0,1,0,0,1,1,69,74,1082,615,65,73,783,404,4,1,287,200,0,0,12,11
387,2/21/2022,Lokapel Dispensary,xMTOLud4Ura,84480,Kenya,Turkana County,2,0,5,5,0,0,0,0,0,0,0,0,,,0,0,0,0,1,2,18,15,1,2,3,1,0,0,15,14,0,0,0,0
388,2/21/2022,Lokichar (RCEA) Health Centre,No2gLbDeU26,84480,Kenya,Turkana County,0,3,21,18,0,0,0,0,0,0,0,0,0,6,0,0,0,0,14,24,254,135,3,24,158,84,11,0,90,47,0,0,6,4
389,2/21/2022,Lokichar Health Centre,QM7wwYjBzHw,84480,Kenya,Turkana County,0,1,68,12,0,0,0,0,0,0,1,0,0,0,0,0,0,0,3,4,62,45,3,3,16,16,0,1,40,25,0,0,6,4
390,2/21/2022,Lokitaung Sub County Hospital,j1aRGHrasgd,84480,Kenya,Turkana County,3,1,11,7,0,0,0,0,0,0,0,0,0,0,,,,,12,5,74,35,12,5,71,34,,,3,1,,,,
391,2/21/2022,Lokori (AIC) Health Centre,ylWpiOR8no7,84480,Kenya,Turkana County,0,0,3,1,0,0,0,0,0,0,0,0,0,0,0,0,0,0,1,2,10,10,1,2,3,4,0,0,7,6,0,0,0,0
392,2/21/2022,Lokori Primary Health Care Programme,Ot40T1kydu3,84480,Kenya,Turkana County,2,0,12,2,0,0,0,0,0,0,0,0,0,0,0,0,0,0,7,7,116,64,5,4,63,35,2,3,51,29,0,0,2,0
393,2/21/2022,Longech Dispensary,aIyqTZoRiQH,84480,Kenya,Turkana County,2,0,27,11,0,0,1,0,0,0,1,0,0,0,0,0,0,0,11,16,114,88,11,14,96,72,0,2,17,16,0,0,1,0
394,2/21/2022,Lopiding Sub County Hospital,FgQsfEJP0iW,84480,Kenya,Turkana County,,,41,20,,,,,,,,,,,,,,,7,10,125,82,7,10,69,57,,,56,24,,,,1
395,2/21/2022,Lorengippi Dispensary,aEKXwhGAZb8,84480,Kenya,Turkana County,,,,,,,,,,,,,,,,,,,1,0,3,6,1,0,3,6,0,0,0,0,0,0,0,0
396,2/21/2022,Lorogon Dispensary,HNcnn93f46m,84480,Kenya,Turkana County,0,0,0,3,0,0,0,0,0,0,0,0,0,0,0,0,0,0,0,0,10,4,0,0,10,4,0,0,0,0,0,0,0,0
397,2/21/2022,Lorugum Health Centre,l9En6DUe5kR,84480,Kenya,Turkana County,0,1,11,4,0,0,0,0,0,0,0,0,0,0,0,0,0,0,2,1,16,12,2,1,16,4,0,0,0,8,0,0,0,0
398,2/21/2022,Lowarengak Health Centre,hdodZbxzTRf,84480,Kenya,Turkana County,10,14,47,19,0,0,1,0,0,0,1,0,0,0,,,,,13,11,111,103,13,11,96,65,,,15,38,,,,
399,2/21/2022,Makutano Health Centre (Turkana West),LoOLEiR0dJo,84480,Kenya,Turkana County,2,1,27,10,,,,,,,,,,,,,,,2,3,74,45,2,3,54,31,0,0,20,14,,,,
400,2/21/2022,Nadapal Dispensary,MjCbIuMExUE,84480,Kenya,Turkana County,7,2,15,8,0,0,0,0,0,0,0,0,0,0,0,0,0,0,2,0,20,12,2,0,17,7,0,0,3,5,0,0,0,0
401,2/21/2022,Nakabosan Dispensary,GxiLmhag3tj,84480,Kenya,Turkana County,0,0,0,0,0,0,0,0,0,0,0,0,0,0,0,0,0,0,,,,,,0,0,0,0,0,0,0,0,0,0,0
402,2/21/2022,Nakurio Dispensary,WTRZ9SGAwck,84480,Kenya,Turkana County,0,0,4,1,0,0,0,0,0,0,0,0,0,0,0,0,0,0,3,0,15,8,3,0,15,8,0,0,0,0,0,0,0,0
403,2/21/2022,Nakururum Dispensary,Q1nVJKarZbh,84480,Kenya,Turkana County,,,3,2,,,,,,,,,,,,,,,0,2,7,11,,2,1,,,,6,11,,,,
404,2/21/2022,Nakwamoru Health Centre,o6Td6Nq8Ni7,84480,Kenya,Turkana County,0,0,29,8,0,0,1,0,0,0,0,0,0,0,0,0,0,0,2,4,72,37,2,4,52,24,0,0,20,13,0,0,0,0
405,2/21/2022,Namoruputh (PAG) Health Centre,POE9w28Xhtb,84480,Kenya,Turkana County,2,3,14,12,0,0,0,0,0,0,0,0,0,0,0,0,0,0,3,3,18,11,3,3,16,11,0,0,2,0,0,0,0,0
406,2/21/2022,Namukuse Dispensary,gg2TsYenobO,84480,Kenya,Turkana County,0,1,20,4,0,0,0,1,0,0,0,1,0,0,0,0,0,0,16,19,164,145,16,19,108,74,0,0,43,22,0,0,13,49
407,2/21/2022,Narengewoi Dispensary,Lf9IeeHRXBZ,84480,Kenya,Turkana County,0,0,1,0,0,0,0,0,0,0,0,0,0,0,,,,,2,0,12,7,2,0,8,5,,,4,2,,,,
408,2/21/2022,Nariokotome Dispensary,fANW7MthZSI,84480,Kenya,Turkana County,2,1,11,15,0,0,1,0,0,0,1,0,0,0,,,,,3,5,72,38,3,5,67,38,,,5,0,,,,
409,2/21/2022,Natira Dispensary,qkLHOHleWwa,84480,Kenya,Turkana County,,,,13,,,,,,,,,,,,,,,1,0,11,6,1,0,11,6,,,,,,,,
410,2/21/2022,Ngiitakito Dispensary,0n9v8sKLn5,84480,Kenya,Turkana County,0,1,7,41,0,0,0,0,0,0,0,0,0,0,0,0,0,0,1,1,25,7,1,1,25,7,0,0,0,0,0,0,0,0
411,2/21/2022,St Catherine Napetet Dispensary,SX6BrlIAUw9,84480,Kenya,Turkana County,0,0,23,16,0,0,1,0,0,0,1,0,0,0,0,0,2,0,11,17,270,158,11,17,118,61,0,0,94,55,0,0,58,42
412,2/21/2022,St Elizabeth Lorugum Health Centre,a4XkbDvvWvO,84480,Kenya,Turkana County,3,9,31,17,0,0,1,0,0,0,1,0,0,0,0,0,0,0,5,8,41,26,5,8,19,10,0,0,15,13,0,0,7,3
413,2/21/2022,St Mary's Kalokol Primary Health Care Programme,bcAE6JjIUMj,84480,Kenya,Turkana County,1,0,38,16,0,0,0,1,0,0,0,1,0,0,0,0,0,0,17,18,112,70,17,18,78,42,0,0,34,27,0,0,0,1
414,2/21/2022,St Monica Nakwamekwi Dispensary,A5SoqW6Ua3Y,84480,Kenya,Turkana County,5,4,50,8,0,0,0,0,0,0,0,0,0,0,0,0,2,0,25,19,241,140,25,19,181,83,0,0,53,43,0,0,7,14
415,2/21/2022,St Patrick Kanamkemer Dispensary,ZqQwhBlZGfq,84480,Kenya,Turkana County,1,0,71,51,0,0,0,0,0,0,0,0,0,0,0,0,0,0,42,46,524,268,41,45,316,143,1,1,154,91,0,0,54,34
416,2/21/2022,Turkwel Health Centre (Loima),wBdDJ6GKMEC,84480,Kenya,Turkana County,0,2,10,4,0,0,0,0,0,0,0,0,0,0,0,0,0,0,8,4,44,30,8,4,26,20,0,0,17,10,0,0,1,0
417,2/28/2022,AIC Lokichogio Health Centre,msVH1X00e7R,84480,Kenya,Turkana County,0,2,44,17,,,,,,,,,,,,,,,,,,,,,,,,,,,,,,
418,2/28/2022,Aposta Dispensary,SyduIyTRlRy,84480,Kenya,Turkana County,0,0,0,5,0,0,0,0,0,0,0,0,0,0,0,0,0,0,,,,,,,,,,,,,,,,
419,2/28/2022,IRC Kakuma,BdEUTRbjYoI,84480,Kenya,Turkana County,0,1,13,22,,,2,,,,2,,,,,,,,,,,,,,,,,,,,,,,
420,2/28/2022,Kaaleng Health Centre,ABFocyEezFV,84480,Kenya,Turkana County,2,1,10,14,,,,,,,,,,82,,,,,,,,,,,,,,,,,,,,
421,2/28/2022,Kaeris Dispensary,QAQF3TVmUGy,84480,Kenya,Turkana County,8,4,8,5,,,,,,,,,,,,,,,,,,,,,,,,,,,,,,
422,2/28/2022,Kaikor Health Centre,vLfChG5goBd,84480,Kenya,Turkana County,1,0,9,6,,,,,,,,,,,,,,,,,,,,,,,,,,,,,,
423,2/28/2022,Kainuk Health Centre,RYOBqzoEpP7,84480,Kenya,Turkana County,8,,38,11,,,,,,,,,,,,,1,,,,,,,,,,,,,,,,,
424,2/28/2022,Kakuma Mission Hospital,y3sdbZTk4Nq,84480,Kenya,Turkana County,34,9,45,35,,,1,1,,,1,1,,126,,,,3,,,,,,,,,,,,,,,,
425,2/28/2022,Kakuma Subcounty hospital,gb7zOoRoBzD,84480,Kenya,Turkana County,,,30,7,,,,,,,,,,,,,,,,,,,,,,,,,,,,,,
426,2/28/2022,Kalemungorok Dispensary,zKtWJtaqwQW,84480,Kenya,Turkana County,,,16,3,,,,,,,,,,,,,,,,,,,,,,,,,,,,,,
427,2/28/2022,Kalemunyang Dispensary,q8tZrZrBfjs,84480,Kenya,Turkana County,,1,18,12,,,,,,,,,,,,,,,,,,,,,,,,,,,,,,
428,2/28/2022,Kalobeyei Dispensary,zr2rkncXfIY,84480,Kenya,Turkana County,0,0,0,13,0,0,0,0,0,0,0,0,,,,,,,,,,,,,,,,,,,,,,
429,2/28/2022,Kalokol (AIC) Health Centre,Z1qyIMLJcPz,84480,Kenya,Turkana County,0,2,19,6,0,1,1,0,0,1,1,0,0,0,0,0,0,0,,,,,,,,,,,,,,,,
430,2/28/2022,Kanakurudio Health Centre,RmCKMW2TcdV,84480,Kenya,Turkana County,0,0,3,2,,,,,,,,,,,,,,,,,,,,,,,,,,,,,,
431,2/28/2022,Kanamkemer Health Centre,hvUZ7TbgWD1,84480,Kenya,Turkana County,0,1,9,1,,,,,,,,,,,,,,,,,,,,,,,,,,,,,,
432,2/28/2022,Kataboi Dispensary,opXmcR030VL,84480,Kenya,Turkana County,0,0,8,7,,,,,,,,,,,,,,,,,,,,,,,,,,,,,,
433,2/28/2022,Katilu Health Centre,jf1Cj05bjMF,84480,Kenya,Turkana County,,,,,,,,,,,,,,3,,,,,,,,,,,,,,,,,,,,
434,2/28/2022,Kerio Health Centre,oixfDkMt2mg,84480,Kenya,Turkana County,,2,14,14,,,,1,,,,1,,,,,,,,,,,,,,,,,,,,,,
435,2/28/2022,Kibish GK Dispensary,pDcE1KuI01q,84480,Kenya,Turkana County,0,0,0,0,,,,,,,,,,,,,,,,,,,,,,,,,,,,,,
436,2/28/2022,Kokuro Health Centre,w8M4KdTZNqx,84480,Kenya,Turkana County,0,0,0,1,,,,,,,,,,,,,,,,,,,,,,,,,,,,,,
437,2/28/2022,Lochwaangikamatak Dispensary,Gx0TQxOPr3b,84480,Kenya,Turkana County,,1,4,3,,,,,,,,,,,,,,,,,,,,,,,,,,,,,,
438,2/28/2022,Lodwar County Referral Hospital,F68NOkrOuUu,84480,Kenya,Turkana County,5,11,280,141,,1,5,1,,1,5,2,,17,,,4,5,,,,,,,,,,,,,,,,
439,2/28/2022,Lokapel Dispensary,xMTOLud4Ura,84480,Kenya,Turkana County,1,,15,2,,,,,,,,,,,,,,,,,,,,,,,,,,,,,,
440,2/28/2022,Lokichar (RCEA) Health Centre,No2gLbDeU26,84480,Kenya,Turkana County,2,1,32,57,,,,,,,,,,48,,,,,,,,,,,,,,,,,,,,
441,2/28/2022,Lokichar Health Centre,QM7wwYjBzHw,84480,Kenya,Turkana County,4,5,70,15,,,,1,,,,1,,,,,2,,,,,,,,,,,,,,,,,
442,2/28/2022,Lokitaung Sub County Hospital,j1aRGHrasgd,84480,Kenya,Turkana County,1,2,16,12,,,,,,,,,,,,,,,,,,,,,,,,,,,,,,
443,2/28/2022,Lokori (AIC) Health Centre,ylWpiOR8no7,84480,Kenya,Turkana County,,,1,2,,,,,,,,,,,,,,,,,,,,,,,,,,,,,,
444,2/28/2022,Lokori Primary Health Care Programme,Ot40T1kydu3,84480,Kenya,Turkana County,2,4,9,5,,,,,,,,,,,,,,,,,,,,,,,,,,,,,,
445,2/28/2022,Longech Dispensary,aIyqTZoRiQH,84480,Kenya,Turkana County,1,0,12,7,0,0,1,1,0,0,1,1,0,0,0,0,0,0,,,,,,,,,,,,,,,,
446,2/28/2022,Lopiding Sub County Hospital,FgQsfEJP0iW,84480,Kenya,Turkana County,2,4,64,18,,,2,,,,2,,,31,,,,,,,,,,,,,,,,,,,,
447,2/28/2022,Lorengippi Dispensary,aEKXwhGAZb8,84480,Kenya,Turkana County,0,0,2,0,,,,,,,,,,,,,,,,,,,,,,,,,,,,,,
448,2/28/2022,Lorogon Dispensary,HNcnn93f46m,84480,Kenya,Turkana County,,,2,1,,,,,,,,,,,,,,,,,,,,,,,,,,,,,,
449,2/28/2022,Lorugum Health Centre,l9En6DUe5kR,84480,Kenya,Turkana County,0,0,2,1,,,,,,,,,,,,,,,,,,,,,,,,,,,,,,
450,2/28/2022,Lowarengak Health Centre,hdodZbxzTRf,84480,Kenya,Turkana County,2,1,15,10,,,,,,,,,,,,,,,,,,,,,,,,,,,,,,
451,2/28/2022,Makutano Health Centre (Turkana West),LoOLEiR0dJo,84480,Kenya,Turkana County,0,0,29,12,,,,,,,,,,,,,,,,,,,,,,,,,,,,,,
452,2/28/2022,Nadapal Dispensary,MjCbIuMExUE,84480,Kenya,Turkana County,4,3,10,3,,,,,,,,,,,,,,,,,,,,,,,,,,,,,,
453,2/28/2022,Nakabosan Dispensary,GxiLmhag3tj,84480,Kenya,Turkana County,,,2,,,,,,,,,,,,,,,,,,,,,,,,,,,,,,,
454,2/28/2022,Nakurio Dispensary,WTRZ9SGAwck,84480,Kenya,Turkana County,0,0,9,0,,,,,,,,,,,,,,,,,,,,,,,,,,,,,,
455,2/28/2022,Nakururum Dispensary,Q1nVJKarZbh,84480,Kenya,Turkana County,,,,,,,,,,,,,,,,,,,,,,,,,,,,,,,,,,
456,2/28/2022,Nakwamoru Health Centre,o6Td6Nq8Ni7,84480,Kenya,Turkana County,2,1,25,13,,,,,,,,,,,,,,,,,,,,,,,,,,,,,,
457,2/28/2022,Namoruputh (PAG) Health Centre,POE9w28Xhtb,84480,Kenya,Turkana County,3,1,13,4,,,,,,,,,,,,,,,,,,,,,,,,,,,,,,
458,2/28/2022,Namukuse Dispensary,gg2TsYenobO,84480,Kenya,Turkana County,0,0,14,10,0,0,0,0,0,0,0,0,0,0,0,0,0,0,,,,,,,,,,,,,,,,
459,2/28/2022,Narengewoi Dispensary,Lf9IeeHRXBZ,84480,Kenya,Turkana County,0,0,0,0,,,,,,,,,,,,,,,,,,,,,,,,,,,,,,
460,2/28/2022,Nariokotome Dispensary,fANW7MthZSI,84480,Kenya,Turkana County,0,0,4,4,,,1,,,,,,,,,,,,,,,,,,,,,,,,,,,
461,2/28/2022,Natira Dispensary,qkLHOHleWwa,84480,Kenya,Turkana County,1,1,2,2,,,,,,,,,,,,,,,,,,,,,,,,,,,,,,
462,2/28/2022,Ngiitakito Dispensary,0n9v8sKLn5,84480,Kenya,Turkana County,0,0,3,1,,,,,,,,,,,,,,,,,,,,,,,,,,,,,,
463,2/28/2022,St Catherine Napetet Dispensary,SX6BrlIAUw9,84480,Kenya,Turkana County,3,1,22,20,,,,1,,,,,,,,,,,,,,,,,,,,,,,,,,
464,2/28/2022,St Elizabeth Lorugum Health Centre,a4XkbDvvWvO,84480,Kenya,Turkana County,0,1,21,8,0,0,0,0,0,0,0,0,0,0,0,0,0,0,,,,,,,,,,,,,,,,
465,2/28/2022,St Mary's Kalokol Primary Health Care Programme,bcAE6JjIUMj,84480,Kenya,Turkana County,3,1,18,14,0,0,0,0,0,0,0,0,0,0,0,0,0,1,,,,,,,,,,,,,,,,
466,2/28/2022,St Monica Nakwamekwi Dispensary,A5SoqW6Ua3Y,84480,Kenya,Turkana County,1,3,23,15,0,0,0,0,0,0,0,0,0,0,0,0,0,0,,,,,,,,,,,,,,,,
467,2/28/2022,St Patrick Kanamkemer Dispensary,ZqQwhBlZGfq,84480,Kenya,Turkana County,1,2,52,34,0,0,1,0,0,0,1,0,0,0,0,0,0,0,,,,,,,,,,,,,,,,
468,2/28/2022,Turkwel Health Centre (Loima),wBdDJ6GKMEC,84480,Kenya,Turkana County,,,3,3,,,,,,,,,,,,,,,,,,,,,,,,,,,,,,
469,3/7/2022,AIC Lokichogio Health Centre,msVH1X00e7R,84480,Kenya,Turkana County,0,0,49,27,,,3,,,,2,,,,,,8,,,,,,,,,,,,,,,,,
470,3/7/2022,Aposta Dispensary,SyduIyTRlRy,84480,Kenya,Turkana County,0,0,6,4,0,0,0,0,0,0,0,0,0,0,0,0,0,0,,,,,,,,,,,,,,,,
471,3/7/2022,IRC Kakuma,BdEUTRbjYoI,84480,Kenya,Turkana County,2,0,51,20,,,,,,,,,,,,,28,,,,,,,,,,,,,,,,,
472,3/7/2022,Kaaleng Health Centre,ABFocyEezFV,84480,Kenya,Turkana County,1,1,8,7,,,,,,,,,,,,,,,,,,,,,,,,,,,,,,
473,3/7/2022,Kaeris Dispensary,QAQF3TVmUGy,84480,Kenya,Turkana County,5,3,10,7,,,,,,,,,,,,,,,,,,,,,,,,,,,,,,
474,3/7/2022,Kaikor Health Centre,vLfChG5goBd,84480,Kenya,Turkana County,1,0,10,7,,,,,,,,,,,,,,,,,,,,,,,,,,,,,,
475,3/7/2022,Kainuk Health Centre,RYOBqzoEpP7,84480,Kenya,Turkana County,10,1,35,9,,,,,,,,,,,,,3,,,,,,,,,,,,,,,,,
476,3/7/2022,Kakuma Mission Hospital,y3sdbZTk4Nq,84480,Kenya,Turkana County,8,4,75,45,,,1,1,,,1,1,,129,,,,,,,,,,,,,,,,,,,,
477,3/7/2022,Kakuma Subcounty hospital,gb7zOoRoBzD,84480,Kenya,Turkana County,1,,66,36,,,,,,,,,,,,,10,,,,,,,,,,,,,,,,,
478,3/7/2022,Kalemungorok Dispensary,zKtWJtaqwQW,84480,Kenya,Turkana County,1,,17,3,,,,,,,,1,,,,,,,,,,,,,,,,,,,,,,
479,3/7/2022,Kalemunyang Dispensary,q8tZrZrBfjs,84480,Kenya,Turkana County,,1,12,13,,,,1,,,,,,,,,,,,,,,,,,,,,,,,,,
480,3/7/2022,Kalobeyei Dispensary,zr2rkncXfIY,84480,Kenya,Turkana County,0,0,10,11,0,0,0,0,0,0,0,0,,,,,,,,,,,,,,,,,,,,,,
481,3/7/2022,Kalokol (AIC) Health Centre,Z1qyIMLJcPz,84480,Kenya,Turkana County,0,1,85,17,0,0,0,0,0,0,0,0,0,0,0,0,0,0,,,,,,,,,,,,,,,,
482,3/7/2022,Kanakurudio Health Centre,RmCKMW2TcdV,84480,Kenya,Turkana County,0,0,3,2,,,,,,,,,,10,,,,,,,,,,,,,,,,,,,,
483,3/7/2022,Kanamkemer Health Centre,hvUZ7TbgWD1,84480,Kenya,Turkana County,3,1,20,5,,,,,,,,,,,,,,,,,,,,,,,,,,,,,,
484,3/7/2022,Kataboi Dispensary,opXmcR030VL,84480,Kenya,Turkana County,0,2,11,8,,,,,,,,,,,,,,,,,,,,,,,,,,,,,,
485,3/7/2022,Katilu Health Centre,jf1Cj05bjMF,84480,Kenya,Turkana County,,1,51,8,,,,,,,,,,,,,,,,,,,,,,,,,,,,,,
486,3/7/2022,Kerio Health Centre,oixfDkMt2mg,84480,Kenya,Turkana County,1,1,30,8,,,1,,,,1,,,,,,,,,,,,,,,,,,,,,,,
487,3/7/2022,Kibish GK Dispensary,pDcE1KuI01q,84480,Kenya,Turkana County,0,0,1,0,,,,,,,,,,,,,,,,,,,,,,,,,,,,,,
488,3/7/2022,Kokuro Health Centre,w8M4KdTZNqx,84480,Kenya,Turkana County,1,0,1,0,,,,,,,,,,,,,,,,,,,,,,,,,,,,,,
489,3/7/2022,Lochwaangikamatak Dispensary,Gx0TQxOPr3b,84480,Kenya,Turkana County,1,,6,2,,,,,,,,,,,,,,,,,,,,,,,,,,,,,,
490,3/7/2022,Lodwar County Referral Hospital,F68NOkrOuUu,84480,Kenya,Turkana County,11,17,386,153,1,,1,1,,,,,,51,,,18,3,,,,,,,,,,,,,,,,
491,3/7/2022,Lokapel Dispensary,xMTOLud4Ura,84480,Kenya,Turkana County,,1,17,3,,,,,,,,,,,,,,,,,,,,,,,,,,,,,,
492,3/7/2022,Lokichar (RCEA) Health Centre,No2gLbDeU26,84480,Kenya,Turkana County,3,2,29,52,,,,1,,,,1,,100,,,,,,,,,,,,,,,,,,,,
493,3/7/2022,Lokichar Health Centre,QM7wwYjBzHw,84480,Kenya,Turkana County,2,3,72,13,,,1,1,,,1,1,,,,,10,1,,,,,,,,,,,,,,,,
494,3/7/2022,Lokitaung Sub County Hospital,j1aRGHrasgd,84480,Kenya,Turkana County,4,3,13,8,,,,,,,,,,,,,,,,,,,,,,,,,,,,,,
495,3/7/2022,Lokori (AIC) Health Centre,ylWpiOR8no7,84480,Kenya,Turkana County,,,2,2,,,,,,,,,,,,,,,,,,,,,,,,,,,,,,
496,3/7/2022,Lokori Primary Health Care Programme,Ot40T1kydu3,84480,Kenya,Turkana County,3,5,10,6,,,,,,,,,,,,,,,,,,,,,,,,,,,,,,
497,3/7/2022,Longech Dispensary,aIyqTZoRiQH,84480,Kenya,Turkana County,1,1,20,13,0,0,0,0,0,0,0,0,0,0,0,0,4,0,,,,,,,,,,,,,,,,
498,3/7/2022,Lopiding Sub County Hospital,FgQsfEJP0iW,84480,Kenya,Turkana County,3,4,52,39,,,,1,,,,1,,43,,,,,,,,,,,,,,,,,,,,
499,3/7/2022,Lorengippi Dispensary,aEKXwhGAZb8,84480,Kenya,Turkana County,0,0,6,0,,,,,,,,,,,,,,,,,,,,,,,,,,,,,,
500,3/7/2022,Lorogon Dispensary,HNcnn93f46m,84480,Kenya,Turkana County,,,1,1,,,,,,,,,,,,,,,,,,,,,,,,,,,,,,
501,3/7/2022,Lorugum Health Centre,l9En6DUe5kR,84480,Kenya,Turkana County,0,2,5,9,,,,,,,,,,,,,,,,,,,,,,,,,,,,,,
502,3/7/2022,Lowarengak Health Centre,hdodZbxzTRf,84480,Kenya,Turkana County,12,8,66,17,,,1,,,,1,,,,,,,,,,,,,,,,,,,,,,,
503,3/7/2022,Makutano Health Centre (Turkana West),LoOLEiR0dJo,84480,Kenya,Turkana County,1,0,23,12,,,,,,,,,,,,,,,,,,,,,,,,,,,,,,
504,3/7/2022,Nadapal Dispensary,MjCbIuMExUE,84480,Kenya,Turkana County,2,4,10,8,,,,,,,,,,,,,,,,,,,,,,,,,,,,,,
505,3/7/2022,Nakabosan Dispensary,GxiLmhag3tj,84480,Kenya,Turkana County,1,,4,,,,,,,,,,,,,,,,,,,,,,,,,,,,,,,
506,3/7/2022,Nakurio Dispensary,WTRZ9SGAwck,84480,Kenya,Turkana County,0,0,11,0,,,,,,,,,,,,,,,,,,,,,,,,,,,,,,
507,3/7/2022,Nakururum Dispensary,Q1nVJKarZbh,84480,Kenya,Turkana County,,,,,,,,,,,,,,,,,,,,,,,,,,,,,,,,,,
508,3/7/2022,Nakwamoru Health Centre,o6Td6Nq8Ni7,84480,Kenya,Turkana County,2,1,27,14,,,,,,,,,,,,,,,,,,,,,,,,,,,,,,
509,3/7/2022,Namoruputh (PAG) Health Centre,POE9w28Xhtb,84480,Kenya,Turkana County,7,6,41,11,0,0,1,2,0,0,1,1,,,,,,,,,,,,,,,,,,,,,,
510,3/7/2022,Namukuse Dispensary,gg2TsYenobO,84480,Kenya,Turkana County,0,2,18,13,0,0,1,1,0,0,1,1,0,0,0,0,1,1,,,,,,,,,,,,,,,,
511,3/7/2022,Narengewoi Dispensary,Lf9IeeHRXBZ,84480,Kenya,Turkana County,0,0,0,0,,,,,,,,,,,,,,,,,,,,,,,,,,,,,,
512,3/7/2022,Nariokotome Dispensary,fANW7MthZSI,84480,Kenya,Turkana County,0,1,8,2,,,,,,,,,,,,,,,,,,,,,,,,,,,,,,
513,3/7/2022,Natira Dispensary,qkLHOHleWwa,84480,Kenya,Turkana County,,,2,2,,,,,,,,,,,,,,,,,,,,,,,,,,,,,,
514,3/7/2022,Ngiitakito Dispensary,0n9v8sKLn5,84480,Kenya,Turkana County,0,2,16,9,,,,,,,,,,,,,,,,,,,,,,,,,,,,,,
515,3/7/2022,St Catherine Napetet Dispensary,SX6BrlIAUw9,84480,Kenya,Turkana County,3,4,21,17,,,1,1,,,1,1,,,,,,,,,,,,,,,,,,,,,,
516,3/7/2022,St Elizabeth Lorugum Health Centre,a4XkbDvvWvO,84480,Kenya,Turkana County,2,1,25,11,0,0,0,0,0,0,0,0,0,0,0,0,1,0,,,,,,,,,,,,,,,,
517,3/7/2022,St Mary's Kalokol Primary Health Care Programme,bcAE6JjIUMj,84480,Kenya,Turkana County,2,0,24,23,0,0,0,0,0,0,0,0,0,0,0,0,0,0,,,,,,,,,,,,,,,,
518,3/7/2022,St Monica Nakwamekwi Dispensary,A5SoqW6Ua3Y,84480,Kenya,Turkana County,8,3,59,15,1,0,1,0,0,0,1,0,0,0,0,4,0,0,,,,,,,,,,,,,,,,
519,3/7/2022,St Patrick Kanamkemer Dispensary,ZqQwhBlZGfq,84480,Kenya,Turkana County,1,1,58,36,0,0,1,0,0,0,1,0,0,0,0,0,0,2,,,,,,,,,,,,,,,,
520,3/7/2022,Turkwel Health Centre (Loima),wBdDJ6GKMEC,84480,Kenya,Turkana County,2,1,7,4,,,1,,,,1,,,,,,,,,,,,,,,,,,,,,,,
521,3/14/2022,AIC Lokichogio Health Centre,msVH1X00e7R,84480,Kenya,Turkana County,0,1,31,71,,1,,,,1,,,,,,,21,5,,,,,,,,,,,,,,,,
522,3/14/2022,Aposta Dispensary,SyduIyTRlRy,84480,Kenya,Turkana County,0,0,8,3,0,0,0,0,0,0,0,0,0,0,0,0,0,0,,,,,,,,,,,,,,,,
523,3/14/2022,IRC Kakuma,BdEUTRbjYoI,84480,Kenya,Turkana County,2,0,80,26,,,,,,,,,,,,,,1,,,,,,,,,,,,,,,,
524,3/14/2022,Kaaleng Health Centre,ABFocyEezFV,84480,Kenya,Turkana County,1,1,4,3,,,,,,,,,,125,,,,,,,,,,,,,,,,,,,,
525,3/14/2022,Kaeris Dispensary,QAQF3TVmUGy,84480,Kenya,Turkana County,5,4,27,10,,,,,,,,,,,,,,,,,,,,,,,,,,,,,,
526,3/14/2022,Kaikor Health Centre,vLfChG5goBd,84480,Kenya,Turkana County,1,0,14,7,,,,,,,,,,,,,,,,,,,,,,,,,,,,,,
527,3/14/2022,Kainuk Health Centre,RYOBqzoEpP7,84480,Kenya,Turkana County,9,,43,12,,,1,,,,1,,,,,,4,,,,,,,,,,,,,,,,,
528,3/14/2022,Kakuma Mission Hospital,y3sdbZTk4Nq,84480,Kenya,Turkana County,12,8,77,45,,,,1,,,,1,,139,,,1,,,,,,,,,,,,,,,,,
529,3/14/2022,Kakuma Subcounty hospital,gb7zOoRoBzD,84480,Kenya,Turkana County,1,,78,7,1,,,,1,,,,,,,,65,28,,,,,,,,,,,,,,,,
530,3/14/2022,Kalemungorok Dispensary,zKtWJtaqwQW,84480,Kenya,Turkana County,,1,11,4,,,1,,,,1,,,,,,,,,,,,,,,,,,,,,,,
531,3/14/2022,Kalemunyang Dispensary,q8tZrZrBfjs,84480,Kenya,Turkana County,,1,14,12,,,,,,,,,,,,,,,,,,,,,,,,,,,,,,
532,3/14/2022,Kalobeyei Dispensary,zr2rkncXfIY,84480,Kenya,Turkana County,0,0,28,19,0,0,0,0,0,0,0,0,,,,,,,,,,,,,,,,,,,,,,
533,3/14/2022,Kalokol (AIC) Health Centre,Z1qyIMLJcPz,84480,Kenya,Turkana County,0,2,78,96,0,0,1,1,0,0,1,1,0,0,0,0,0,0,,,,,,,,,,,,,,,,
534,3/14/2022,Kanakurudio Health Centre,RmCKMW2TcdV,84480,Kenya,Turkana County,0,0,5,4,,,,,,,,,,,,,,,,,,,,,,,,,,,,,,
535,3/14/2022,Kanamkemer Health Centre,hvUZ7TbgWD1,84480,Kenya,Turkana County,1,4,9,16,,,,,,,,,,,,,,,,,,,,,,,,,,,,,,
536,3/14/2022,Kataboi Dispensary,opXmcR030VL,84480,Kenya,Turkana County,0,0,15,6,,,,,,,,,,,,,,,,,,,,,,,,,,,,,,
537,3/14/2022,Katilu Health Centre,jf1Cj05bjMF,84480,Kenya,Turkana County,1,2,48,11,,,,,,,,,,,,,,,,,,,,,,,,,,,,,,
538,3/14/2022,Kerio Health Centre,oixfDkMt2mg,84480,Kenya,Turkana County,3,1,29,12,,,,,,,,,,,,,1,2,,,,,,,,,,,,,,,,
539,3/14/2022,Kibish GK Dispensary,pDcE1KuI01q,84480,Kenya,Turkana County,0,0,1,0,,,,,,,,,,,,,,,,,,,,,,,,,,,,,,
540,3/14/2022,Kokuro Health Centre,w8M4KdTZNqx,84480,Kenya,Turkana County,0,0,0,0,,,,,,,,,,,,,,,,,,,,,,,,,,,,,,
541,3/14/2022,Lochwaangikamatak Dispensary,Gx0TQxOPr3b,84480,Kenya,Turkana County,,,3,2,,,,,,,,,,,,,,,,,,,,,,,,,,,,,,
542,3/14/2022,Lodwar County Referral Hospital,F68NOkrOuUu,84480,Kenya,Turkana County,26,25,430,195,,1,5,2,,2,3,2,,92,,1,19,9,,,,,,,,,,,,,,,,
543,3/14/2022,Lokapel Dispensary,xMTOLud4Ura,84480,Kenya,Turkana County,1,,23,5,,,,1,,,,1,,,,,,,,,,,,,,,,,,,,,,
544,3/14/2022,Lokichar (RCEA) Health Centre,No2gLbDeU26,84480,Kenya,Turkana County,2,1,28,59,,,1,1,,,1,1,,97,,,,,,,,,,,,,,,,,,,,
545,3/14/2022,Lokichar Health Centre,QM7wwYjBzHw,84480,Kenya,Turkana County,5,4,99,21,,,1,,,,1,,,,,,26,2,,,,,,,,,,,,,,,,
546,3/14/2022,Lokitaung Sub County Hospital,j1aRGHrasgd,84480,Kenya,Turkana County,6,4,20,15,,,,,,,,,,,,,,,,,,,,,,,,,,,,,,
547,3/14/2022,Lokori (AIC) Health Centre,ylWpiOR8no7,84480,Kenya,Turkana County,,,1,3,,,,,,,,,,,,,,,,,,,,,,,,,,,,,,
548,3/14/2022,Lokori Primary Health Care Programme,Ot40T1kydu3,84480,Kenya,Turkana County,4,4,12,10,,,,,,,,,,,,,,,,,,,,,,,,,,,,,,
549,3/14/2022,Longech Dispensary,aIyqTZoRiQH,84480,Kenya,Turkana County,0,0,22,17,0,0,1,1,0,0,1,1,0,0,0,0,2,2,,,,,,,,,,,,,,,,
550,3/14/2022,Lopiding Sub County Hospital,FgQsfEJP0iW,84480,Kenya,Turkana County,1,0,55,25,,,2,1,1,,2,1,,42,,,1,,,,,,,,,,,,,,,,,
551,3/14/2022,Lorengippi Dispensary,aEKXwhGAZb8,84480,Kenya,Turkana County,1,0,8,0,,,,,,,,,,,,,,,,,,,,,,,,,,,,,,
552,3/14/2022,Lorogon Dispensary,HNcnn93f46m,84480,Kenya,Turkana County,,,2,2,,,,,,,,,,,,,,,,,,,,,,,,,,,,,,
553,3/14/2022,Lorugum Health Centre,l9En6DUe5kR,84480,Kenya,Turkana County,1,0,7,4,,,,,,,,,,,,,,,,,,,,,,,,,,,,,,
554,3/14/2022,Lowarengak Health Centre,hdodZbxzTRf,84480,Kenya,Turkana County,13,9,38,18,,,1,,,,1,,,,,,1,,,,,,,,,,,,,,,,,
555,3/14/2022,Makutano Health Centre (Turkana West),LoOLEiR0dJo,84480,Kenya,Turkana County,0,0,31,24,,,,,,,,,,,,,,,,,,,,,,,,,,,,,,
556,3/14/2022,Nadapal Dispensary,MjCbIuMExUE,84480,Kenya,Turkana County,5,2,8,7,,,,,,,,,,,,,,,,,,,,,,,,,,,,,,
557,3/14/2022,Nakabosan Dispensary,GxiLmhag3tj,84480,Kenya,Turkana County,,,5,,,,,,,,,,,,,,,,,,,,,,,,,,,,,,,
558,3/14/2022,Nakurio Dispensary,WTRZ9SGAwck,84480,Kenya,Turkana County,0,0,6,0,,,,,,,,,,,,,,,,,,,,,,,,,,,,,,
559,3/14/2022,Nakururum Dispensary,Q1nVJKarZbh,84480,Kenya,Turkana County,,,,,,,,,,,,,,,,,,,,,,,,,,,,,,,,,,
560,3/14/2022,Nakwamoru Health Centre,o6Td6Nq8Ni7,84480,Kenya,Turkana County,3,1,36,19,,,1,,,,1,,,,,,1,,,,,,,,,,,,,,,,,
561,3/14/2022,Namoruputh (PAG) Health Centre,POE9w28Xhtb,84480,Kenya,Turkana County,4,1,32,18,,,,,,,,,,,,,,,,,,,,,,,,,,,,,,
562,3/14/2022,Namukuse Dispensary,gg2TsYenobO,84480,Kenya,Turkana County,1,1,24,17,1,0,0,2,1,0,0,2,0,0,0,0,3,2,,,,,,,,,,,,,,,,
563,3/14/2022,Narengewoi Dispensary,Lf9IeeHRXBZ,84480,Kenya,Turkana County,0,0,0,0,,,,,,,,,,,,,,,,,,,,,,,,,,,,,,
564,3/14/2022,Nariokotome Dispensary,fANW7MthZSI,84480,Kenya,Turkana County,1,5,15,8,1,,,,1,,,,,,,,,,,,,,,,,,,,,,,,,
565,3/14/2022,Natira Dispensary,qkLHOHleWwa,84480,Kenya,Turkana County,2,1,4,15,,,,1,,,,1,,,,,,,,,,,,,,,,,,,,,,
566,3/14/2022,Ngiitakito Dispensary,0n9v8sKLn5,84480,Kenya,Turkana County,1,0,12,4,,,,,,,,,,,,,,,,,,,,,,,,,,,,,,
567,3/14/2022,St Catherine Napetet Dispensary,SX6BrlIAUw9,84480,Kenya,Turkana County,,,27,15,,,,1,,,,1,,,,,,,,,,,,,,,,,,,,,,
568,3/14/2022,St Elizabeth Lorugum Health Centre,a4XkbDvvWvO,84480,Kenya,Turkana County,2,0,35,14,0,0,0,0,0,0,0,0,0,0,0,0,0,0,,,,,,,,,,,,,,,,
569,3/14/2022,St Mary's Kalokol Primary Health Care Programme,bcAE6JjIUMj,84480,Kenya,Turkana County,1,2,26,9,0,0,1,0,0,0,1,0,0,0,0,0,0,0,,,,,,,,,,,,,,,,
570,3/14/2022,St Monica Nakwamekwi Dispensary,A5SoqW6Ua3Y,84480,Kenya,Turkana County,2,5,37,14,0,0,0,3,0,0,0,3,0,0,0,0,2,2,,,,,,,,,,,,,,,,
571,3/14/2022,St Patrick Kanamkemer Dispensary,ZqQwhBlZGfq,84480,Kenya,Turkana County,2,1,68,33,0,0,0,0,0,,0,0,0,0,0,0,0,0,,,,,,,,,,,,,,,,
572,3/14/2022,Turkwel Health Centre (Loima),wBdDJ6GKMEC,84480,Kenya,Turkana County,1,1,8,9,,,1,,,,1,,,,,,,,,,,,,,,,,,,,,,,
573,3/21/2022,AIC Lokichogio Health Centre,msVH1X00e7R,84480,Kenya,Turkana County,0,1,97,48,,,,,,,,,,,,,9,3,,,,,,,,,,,,,,,,
574,3/21/2022,Aposta Dispensary,SyduIyTRlRy,84480,Kenya,Turkana County,0,0,7,10,0,0,0,0,0,0,0,0,0,0,0,0,0,0,,,,,,,,,,,,,,,,
575,3/21/2022,IRC Kakuma,BdEUTRbjYoI,84480,Kenya,Turkana County,2,1,35,42,,,,,,,1,,,,,,,,,,,,,,,,,,,,,,,
576,3/21/2022,Kaaleng Health Centre,ABFocyEezFV,84480,Kenya,Turkana County,1,0,10,15,,,,,,,,,,80,,,,,,,,,,,,,,,,,,,,
577,3/21/2022,Kaeris Dispensary,QAQF3TVmUGy,84480,Kenya,Turkana County,0,0,10,10,,,,,,,,,,,,,,,,,,,,,,,,,,,,,,
578,3/21/2022,Kaikor Health Centre,vLfChG5goBd,84480,Kenya,Turkana County,0,0,3,2,,,,,,,,,,,,,,,,,,,,,,,,,,,,,,
579,3/21/2022,Kainuk Health Centre,RYOBqzoEpP7,84480,Kenya,Turkana County,7,1,39,14,,,,,,,,,,,,,7,,,,,,,,,,,,,,,,,
580,3/21/2022,Kakuma Mission Hospital,y3sdbZTk4Nq,84480,Kenya,Turkana County,16,5,72,54,,,,1,,,,1,,172,,,,,,,,,,,,,,,,,,,,
581,3/21/2022,Kakuma Subcounty hospital,gb7zOoRoBzD,84480,Kenya,Turkana County,,,29,37,,,1,,,,1,,,,,,,,,,,,,,,,,,,,,,,
582,3/21/2022,Kalemungorok Dispensary,zKtWJtaqwQW,84480,Kenya,Turkana County,1,,15,5,,,,,,,,,,,,,,,,,,,,,,,,,,,,,,
583,3/21/2022,Kalemunyang Dispensary,q8tZrZrBfjs,84480,Kenya,Turkana County,1,,28,12,,,,,,,,,,,,,,3,,,,,,,,,,,,,,,,
584,3/21/2022,Kalobeyei Dispensary,zr2rkncXfIY,84480,Kenya,Turkana County,0,0,20,10,0,0,0,0,0,0,0,0,,,,,,,,,,,,,,,,,,,,,,
585,3/21/2022,Kalokol (AIC) Health Centre,Z1qyIMLJcPz,84480,Kenya,Turkana County,1,0,52,52,0,0,0,0,0,0,0,0,0,0,0,0,0,0,,,,,,,,,,,,,,,,
586,3/21/2022,Kanakurudio Health Centre,RmCKMW2TcdV,84480,Kenya,Turkana County,0,0,2,1,,,,,,,,,,,,,,,,,,,,,,,,,,,,,,
587,3/21/2022,Kanamkemer Health Centre,hvUZ7TbgWD1,84480,Kenya,Turkana County,2,1,11,9,0,0,2,1,0,0,2,1,0,0,0,0,0,0,,,,,,,,,,,,,,,,
588,3/21/2022,Kataboi Dispensary,opXmcR030VL,84480,Kenya,Turkana County,3,0,32,7,,,,,,,,,,,,,,,,,,,,,,,,,,,,,,
589,3/21/2022,Katilu Health Centre,jf1Cj05bjMF,84480,Kenya,Turkana County,1,,45,12,,,,,,,,,,,,,,,,,,,,,,,,,,,,,,
590,3/21/2022,Kerio Health Centre,oixfDkMt2mg,84480,Kenya,Turkana County,5,2,38,9,,,2,,,,2,,,,,,1,,,,,,,,,,,,,,,,,
591,3/21/2022,Kibish GK Dispensary,pDcE1KuI01q,84480,Kenya,Turkana County,0,0,0,0,,,,,,,,,,,,,,,,,,,,,,,,,,,,,,
592,3/21/2022,Kokuro Health Centre,w8M4KdTZNqx,84480,Kenya,Turkana County,0,0,0,0,,,,,,,,,,,,,,,,,,,,,,,,,,,,,,
593,3/21/2022,Lochwaangikamatak Dispensary,Gx0TQxOPr3b,84480,Kenya,Turkana County,1,1,7,2,,,,,,,,,,,,,,,,,,,,,,,,,,,,,,
594,3/21/2022,Lodwar County Referral Hospital,F68NOkrOuUu,84480,Kenya,Turkana County,61,49,373,303,,,5,,,,4,1,,152,,,7,16,,,,,,,,,,,,,,,,
595,3/21/2022,Lokapel Dispensary,xMTOLud4Ura,84480,Kenya,Turkana County,,,21,4,,,,,,,1,,,,,,,,,,,,,,,,,,,,,,,
596,3/21/2022,Lokichar (RCEA) Health Centre,No2gLbDeU26,84480,Kenya,Turkana County,3,1,34,65,,,,1,,,,,,99,,,,,,,,,,,,,,,,,,,,
597,3/21/2022,Lokichar Health Centre,QM7wwYjBzHw,84480,Kenya,Turkana County,6,3,101,23,,,1,2,,,1,1,,,,,23,3,,,,,,,,,,,,,,,,
598,3/21/2022,Lokitaung Sub County Hospital,j1aRGHrasgd,84480,Kenya,Turkana County,12,6,9,10,1,,,,1,,,,,,,,,,,,,,,,,,,,,,,,,
599,3/21/2022,Lokori (AIC) Health Centre,ylWpiOR8no7,84480,Kenya,Turkana County,,,3,3,,,,,,,,,,,,,,,,,,,,,,,,,,,,,,
600,3/21/2022,Lokori Primary Health Care Programme,Ot40T1kydu3,84480,Kenya,Turkana County,,4,13,8,,,,,,,,,,,,,,,,,,,,,,,,,,,,,,
601,3/21/2022,Longech Dispensary,aIyqTZoRiQH,84480,Kenya,Turkana County,4,3,30,11,0,0,0,0,0,0,0,0,0,0,0,0,6,1,,,,,,,,,,,,,,,,
602,3/21/2022,Lopiding Sub County Hospital,FgQsfEJP0iW,84480,Kenya,Turkana County,3,2,50,18,,,,,,,,,,170,,,,1,,,,,,,,,,,,,,,,
603,3/21/2022,Lorengippi Dispensary,aEKXwhGAZb8,84480,Kenya,Turkana County,0,0,2,0,,,,,,,,,,,,,,,,,,,,,,,,,,,,,,
604,3/21/2022,Lorogon Dispensary,HNcnn93f46m,84480,Kenya,Turkana County,,,2,1,,,,,,,,,,,,,,,,,,,,,,,,,,,,,,
605,3/21/2022,Lorugum Health Centre,l9En6DUe5kR,84480,Kenya,Turkana County,0,1,2,3,,,,,,,,,,,,,,,,,,,,,,,,,,,,,,
606,3/21/2022,Lowarengak Health Centre,hdodZbxzTRf,84480,Kenya,Turkana County,7,6,39,20,,,,,,,,,,,,,,,,,,,,,,,,,,,,,,
607,3/21/2022,Makutano Health Centre (Turkana West),LoOLEiR0dJo,84480,Kenya,Turkana County,0,0,54,32,,,,,,,,,,,,,,,,,,,,,,,,,,,,,,
608,3/21/2022,Nadapal Dispensary,MjCbIuMExUE,84480,Kenya,Turkana County,7,1,46,6,,,,,,,,,,,,,,,,,,,,,,,,,,,,,,
609,3/21/2022,Nakabosan Dispensary,GxiLmhag3tj,84480,Kenya,Turkana County,1,,2,,,,,,,,,,,,,,,,,,,,,,,,,,,,,,,
610,3/21/2022,Nakurio Dispensary,WTRZ9SGAwck,84480,Kenya,Turkana County,0,0,8,0,,,,,,,,,,,,,,,,,,,,,,,,,,,,,,
611,3/21/2022,Nakururum Dispensary,Q1nVJKarZbh,84480,Kenya,Turkana County,,,,,,,,,,,,,,,,,,,,,,,,,,,,,,,,,,
612,3/21/2022,Nakwamoru Health Centre,o6Td6Nq8Ni7,84480,Kenya,Turkana County,2,2,33,22,,,,,,,,,,,,,,,,,,,,,,,,,,,,,,
613,3/21/2022,Namoruputh (PAG) Health Centre,POE9w28Xhtb,84480,Kenya,Turkana County,1,3,23,11,,,,,,,,,,,,,,,,,,,,,,,,,,,,,,
614,3/21/2022,Namukuse Dispensary,gg2TsYenobO,84480,Kenya,Turkana County,0,1,25,16,0,0,2,1,0,0,2,1,0,0,0,0,2,3,,,,,,,,,,,,,,,,
615,3/21/2022,Narengewoi Dispensary,Lf9IeeHRXBZ,84480,Kenya,Turkana County,0,0,1,0,,,,,,,,,,,,,,,,,,,,,,,,,,,,,,
616,3/21/2022,Nariokotome Dispensary,fANW7MthZSI,84480,Kenya,Turkana County,3,2,14,4,,,,,,,,,,,,,,,,,,,,,,,,,,,,,,
617,3/21/2022,Natira Dispensary,qkLHOHleWwa,84480,Kenya,Turkana County,,,16,10,,,1,,,,,,,,,,,,,,,,,,,,,,,,,,,
618,3/21/2022,Ngiitakito Dispensary,0n9v8sKLn5,84480,Kenya,Turkana County,0,1,6,3,,,,,,,,,,,,,,,,,,,,,,,,,,,,,,
619,3/21/2022,St Catherine Napetet Dispensary,SX6BrlIAUw9,84480,Kenya,Turkana County,,,29,23,,,,,,,,,,,,,1,2,,,,,,,,,,,,,,,,
620,3/21/2022,St Elizabeth Lorugum Health Centre,a4XkbDvvWvO,84480,Kenya,Turkana County,5,6,50,36,0,0,0,0,0,0,0,0,0,0,0,0,1,0,,,,,,,,,,,,,,,,
621,3/21/2022,St Mary's Kalokol Primary Health Care Programme,bcAE6JjIUMj,84480,Kenya,Turkana County,1,2,37,9,0,0,1,0,0,0,1,0,0,0,0,0,0,0,,,,,,,,,,,,,,,,
622,3/21/2022,St Monica Nakwamekwi Dispensary,A5SoqW6Ua3Y,84480,Kenya,Turkana County,4,4,159,10,0,0,0,2,0,0,0,2,0,0,0,0,0,0,,,,,,,,,,,,,,,,
623,3/21/2022,St Patrick Kanamkemer Dispensary,ZqQwhBlZGfq,84480,Kenya,Turkana County,2,2,36,18,0,0,1,1,0,0,1,1,0,0,0,0,0,0,,,,,,,,,,,,,,,,
624,3/21/2022,Turkwel Health Centre (Loima),wBdDJ6GKMEC,84480,Kenya,Turkana County,,1,6,6,,,,,,,,,,,,,,,,,,,,,,,,,,,,,,
625,3/28/2022,AIC Lokichogio Health Centre,msVH1X00e7R,84480,Kenya,Turkana County,1,0,62,34,,,,,1,,,,,,,,1,,14,20,183,109,14,20,42,2,,,133,103,,,8,4
626,3/28/2022,Aposta Dispensary,SyduIyTRlRy,84480,Kenya,Turkana County,0,0,7,10,0,0,0,0,0,0,0,0,0,0,0,0,0,0,3,2,14,9,3,2,14,9,0,0,0,0,0,0,0,0
627,3/28/2022,IRC Kakuma,BdEUTRbjYoI,84480,Kenya,Turkana County,1,1,35,20,,,1,1,,,,1,,,,,,,21,20,381,193,20,18,11,0,1,2,370,193,0,0,0,0
628,3/28/2022,Kaaleng Health Centre,ABFocyEezFV,84480,Kenya,Turkana County,0,0,0,5,,,,,,,,,,13,,,,,2,3,17,3,1,3,1,0,1,,16,3,,,,
629,3/28/2022,Kaeris Dispensary,QAQF3TVmUGy,84480,Kenya,Turkana County,0,0,3,10,,,,,,,,,,,,,,,4,1,11,6,2,1,,,2,,11,6,,,,
630,3/28/2022,Kaikor Health Centre,vLfChG5goBd,84480,Kenya,Turkana County,0,0,3,4,,,,,,,,,,37,,,,,6,5,16,17,6,5,10,16,,,6,1,,,,
631,3/28/2022,Kainuk Health Centre,RYOBqzoEpP7,84480,Kenya,Turkana County,6,1,42,13,,,,1,,,,1,,,,,3,,9,6,83,40,9,5,73,39,0,1,10,1,0,0,0,0
632,3/28/2022,Kakuma Mission Hospital,y3sdbZTk4Nq,84480,Kenya,Turkana County,24,6,74,54,,,2,,,,2,,,75,,,,,24,23,368,244,24,21,278,163,,2,84,76,,,6,5
633,3/28/2022,Kakuma Subcounty hospital,gb7zOoRoBzD,84480,Kenya,Turkana County,,,14,11,,,,,,,,,,,,,,,2,4,82,35,2,4,62,22,0,0,15,2,0,0,5,11
634,3/28/2022,Kalemungorok Dispensary,zKtWJtaqwQW,84480,Kenya,Turkana County,,1,13,5,,,,,,,,1,,,,,,,9,7,67,36,8,7,20,16,1,0,47,20,0,0,0,0
635,3/28/2022,Kalemunyang Dispensary,q8tZrZrBfjs,84480,Kenya,Turkana County,,,12,2,,,,,,,,,,,,,,,3,5,48,31,3,5,32,16,0,0,16,15,0,0,0,0
636,3/28/2022,Kalobeyei Dispensary,zr2rkncXfIY,84480,Kenya,Turkana County,0,0,6,3,0,0,0,0,0,0,0,0,,,,,,,,,,,,,,,,,,,,,,
637,3/28/2022,Kalokol (AIC) Health Centre,Z1qyIMLJcPz,84480,Kenya,Turkana County,0,1,41,33,0,0,1,0,0,0,1,0,0,0,0,0,0,1,21,15,174,106,12,8,42,13,8,7,120,83,1,0,12,10
638,3/28/2022,Kanakurudio Health Centre,RmCKMW2TcdV,84480,Kenya,Turkana County,0,0,0,0,,,,,,,,,,,,,,,4,2,14,3,4,2,5,,,,9,3,,,,
639,3/28/2022,Kanamkemer Health Centre,hvUZ7TbgWD1,84480,Kenya,Turkana County,0,1,7,1,,,,,,,,,,,,,,,0,0,2,1,0,0,2,1,0,0,0,0,0,0,0,0
640,3/28/2022,Kataboi Dispensary,opXmcR030VL,84480,Kenya,Turkana County,2,2,10,9,,,,,,,,,,,,,,,10,4,51,30,10,4,48,28,,,3,2,,,,
641,3/28/2022,Katilu Health Centre,jf1Cj05bjMF,84480,Kenya,Turkana County,2,1,43,8,,,,,,,,,,,,,,,15,13,150,91,9,12,89,10,6,1,54,75,0,0,7,6
642,3/28/2022,Kerio Health Centre,oixfDkMt2mg,84480,Kenya,Turkana County,6,4,12,3,,,,,,,,,,,,,,,6,1,35,21,6,1,32,17,0,0,1,4,0,0,2,0
643,3/28/2022,Kibish GK Dispensary,pDcE1KuI01q,84480,Kenya,Turkana County,0,0,0,0,1,,,,1,,,,,,,,,,2,,10,3,2,,6,2,,,4,1,,,,
644,3/28/2022,Kokuro Health Centre,w8M4KdTZNqx,84480,Kenya,Turkana County,1,0,0,0,,,,,,,,,,,,,,,2,1,18,10,2,1,18,10,,,,,,,,
645,3/28/2022,Lochwaangikamatak Dispensary,Gx0TQxOPr3b,84480,Kenya,Turkana County,1,,5,3,,,,,,,,,,,,,,,1,1,5,3,1,1,5,3,0,0,0,0,0,0,0,0
646,3/28/2022,Lodwar County Referral Hospital,F68NOkrOuUu,84480,Kenya,Turkana County,16,14,221,132,,,3,2,,,1,1,,111,,,,,68,79,1093,623,64,79,792,418,4,0,292,195,0,0,9,10
647,3/28/2022,Lokapel Dispensary,xMTOLud4Ura,84480,Kenya,Turkana County,1,,16,4,,,,,,,1,,,,,,,,1,2,20,17,1,2,2,2,0,0,18,15,0,0,0,0
648,3/28/2022,Lokichar (RCEA) Health Centre,No2gLbDeU26,84480,Kenya,Turkana County,2,2,30,49,,,,1,,,,,,106,,,,,17,25,234,155,13,18,172,84,4,7,60,71,0,0,2,0
649,3/28/2022,Lokichar Health Centre,QM7wwYjBzHw,84480,Kenya,Turkana County,7,4,80,19,,,1,1,,,1,1,,,,,8,1,3,4,80,44,2,3,30,20,1,1,43,21,0,0,7,3
650,3/28/2022,Lokitaung Sub County Hospital,j1aRGHrasgd,84480,Kenya,Turkana County,1,3,20,6,,,,,,,,,,,,,,,7,5,80,44,7,5,77,43,,,3,1,,,,
651,3/28/2022,Lokori (AIC) Health Centre,ylWpiOR8no7,84480,Kenya,Turkana County,,,3,1,,,,,,,,,,,,,,,1,2,10,10,1,2,3,3,0,0,7,7,0,0,0,0
652,3/28/2022,Lokori Primary Health Care Programme,Ot40T1kydu3,84480,Kenya,Turkana County,3,3,9,7,,,,,,,,,,,,,,,7,7,113,63,5,7,60,34,2,0,51,29,0,0,2,0
653,3/28/2022,Longech Dispensary,aIyqTZoRiQH,84480,Kenya,Turkana County,4,2,20,10,0,0,0,0,0,0,0,0,0,0,0,0,8,0,11,16,113,90,11,16,105,82,0,0,0,3,0,0,8,5
654,3/28/2022,Lopiding Sub County Hospital,FgQsfEJP0iW,84480,Kenya,Turkana County,3,1,48,22,,,,,,,,,,72,,,,,8,10,131,84,8,10,75,59,,,56,24,,,,1
655,3/28/2022,Lorengippi Dispensary,aEKXwhGAZb8,84480,Kenya,Turkana County,0,0,1,0,,,,,,,,,,,,,,,1,0,3,7,1,0,3,7,0,0,0,0,0,0,0,0
656,3/28/2022,Lorogon Dispensary,HNcnn93f46m,84480,Kenya,Turkana County,,,1,1,,,,,,,,,,,,,,,0,0,9,5,0,0,9,5,0,0,0,0,0,0,0,0
657,3/28/2022,Lorugum Health Centre,l9En6DUe5kR,84480,Kenya,Turkana County,0,0,1,2,,,,,,,,,,,,,,,1,1,17,13,1,1,17,5,0,0,0,8,0,0,0,0
658,3/28/2022,Lowarengak Health Centre,hdodZbxzTRf,84480,Kenya,Turkana County,5,3,13,14,,,,,,,,,,,,,,,12,12,117,107,12,12,102,69,,,15,38,,,,
659,3/28/2022,Makutano Health Centre (Turkana West),LoOLEiR0dJo,84480,Kenya,Turkana County,1,0,25,11,,,1,1,,,1,1,,,,,,,2,3,78,46,2,3,58,32,0,0,20,14,,,,
660,3/28/2022,Nadapal Dispensary,MjCbIuMExUE,84480,Kenya,Turkana County,3,1,10,7,,,,,,,,,,,,,,,2,0,17,12,2,0,14,8,0,0,3,4,0,0,0,0
661,3/28/2022,Nakabosan Dispensary,GxiLmhag3tj,84480,Kenya,Turkana County,,,3,,,,,,,,,,,,,,,,0,0,0,0,0,0,0,0,0,0,0,0,0,0,0,0
662,3/28/2022,Nakurio Dispensary,WTRZ9SGAwck,84480,Kenya,Turkana County,0,0,4,0,,,,,,,,,,,,,,,5,1,11,9,5,1,11,9,0,0,0,0,0,0,0,0
663,3/28/2022,Nakururum Dispensary,Q1nVJKarZbh,84480,Kenya,Turkana County,,,,,,,,,,,,,,,,,,,0,2,7,11,,2,1,,,,6,11,,,,
664,3/28/2022,Nakwamoru Health Centre,o6Td6Nq8Ni7,84480,Kenya,Turkana County,3,2,30,21,,,,,,,1,,,,,,,,2,6,76,34,2,6,56,19,0,0,20,15,0,0,0,0
665,3/28/2022,Namoruputh (PAG) Health Centre,POE9w28Xhtb,84480,Kenya,Turkana County,1,2,8,3,,,,,,,,,,,,,,,4,2,20,13,4,2,18,13,0,0,2,0,0,0,0,0
666,3/28/2022,Namukuse Dispensary,gg2TsYenobO,84480,Kenya,Turkana County,0,0,17,9,0,0,0,0,0,0,0,0,0,0,0,0,0,0,16,20,181,135,16,20,114,62,0,0,49,23,0,0,18,50
667,3/28/2022,Narengewoi Dispensary,Lf9IeeHRXBZ,84480,Kenya,Turkana County,0,0,0,0,,,,,,,,,,,,,,,2,,12,7,2,,8,5,,,4,2,,,,
668,3/28/2022,Nariokotome Dispensary,fANW7MthZSI,84480,Kenya,Turkana County,3,1,7,21,,,,,,,,,,,,,,,2,6,66,45,2,6,61,45,,,5,,,,,
669,3/28/2022,Natira Dispensary,qkLHOHleWwa,84480,Kenya,Turkana County,2,2,29,10,,,,1,,,,,,,,,,,1,0,11,7,1,0,11,7,,,,,,,,
670,3/28/2022,Ngiitakito Dispensary,0n9v8sKLn5,84480,Kenya,Turkana County,0,0,3,2,,,,,,,,,,,,,,,1,1,34,5,1,1,34,5,0,0,0,0,0,0,0,0
671,3/28/2022,St Catherine Napetet Dispensary,SX6BrlIAUw9,84480,Kenya,Turkana County,,,21,25,,,,2,,,,2,,,,,,,11,17,275,169,11,17,112,58,0,0,91,70,0,0,72,41
672,3/28/2022,St Elizabeth Lorugum Health Centre,a4XkbDvvWvO,84480,Kenya,Turkana County,2,2,13,5,0,0,0,0,0,0,0,0,0,0,0,0,0,0,6,7,44,27,6,7,27,10,0,0,9,12,0,0,8,5
673,3/28/2022,St Mary's Kalokol Primary Health Care Programme,bcAE6JjIUMj,84480,Kenya,Turkana County,0,0,16,14,0,0,0,0,0,0,0,0,0,0,0,0,0,0,18,17,113,76,18,17,76,47,0,0,37,28,0,0,0,1
674,3/28/2022,St Monica Nakwamekwi Dispensary,A5SoqW6Ua3Y,84480,Kenya,Turkana County,2,1,17,10,0,0,0,0,0,0,0,0,0,0,0,0,0,0,26,19,244,146,26,19,189,94,0,0,48,39,0,0,7,13
675,3/28/2022,St Patrick Kanamkemer Dispensary,ZqQwhBlZGfq,84480,Kenya,Turkana County,2,1,38,19,0,0,1,0,0,0,1,0,0,0,0,0,0,0,43,46,536,271,42,46,333,143,1,0,153,97,0,0,50,31
676,3/28/2022,Turkwel Health Centre (Loima),wBdDJ6GKMEC,84480,Kenya,Turkana County,,,2,1,,,,,,,,,,,,,,,7,4,46,29,7,4,38,22,0,0,8,7,0,0,0,0